,addresses_roadtype_name,addresses_end_street_number,values_attribute_name,addresses_road_name,values_category,addresses_zip_code,secondary_filters_id,values_value,addresses_town,geo_epgs_4326_y,geo_epgs_4326_x,secondary_filters_name,secondary_filters_tree,addresses_district_name,geo_epgs_25831_x,addresses_start_street_number,register_id,institution_id,addresses_main_address,addresses_district_id,addresses_roadtype_id,addresses_type,addresses_neighborhood_id,_id,name,addresses_road_id,created,geo_epgs_25831_y,institution_name,modified,secondary_filters_asia_id,secondary_filters_fullpath,values_description,values_id,addresses_neighborhood_name,values_outstanding,values_attribute_id
0,,,Tel.,Pl Pau Vila,Telèfons,8039,55732070,932254700,BARCELONA,2.1858736814996145,41.38083864121991,Auditoris,651,Ciutat Vella,431926.05979299155,1,﻿62172326,96025141508,True,1,,,3,1,Auditori,248050,2000-03-02T00:00:00,4581354.891276275,Museu d'Història de Catalunya,2018-07-26T15:59:18,65103002001002,"Planol BCN >> Cultura i lleure >> Cinemes, teatres, auditoris >> Auditoris",,128983,la Barceloneta,True,20001
1,,,Tel.,Lluís Borrassà,Telèfons,8019,55732068,933052201,BARCELONA,2.218287943866846,41.41553313569244,Teatres,651,Sant Martí,434671.1843599335,16,﻿93202181153,92168166035,True,10,,,70,2,Teatre,182203,1993-07-21T00:00:00,4585181.66848911,Centre Educatiu Sagrat Cor Besòs,2018-07-26T14:31:12,65103002001000,"Planol BCN >> Cultura i lleure >> Cinemes, teatres, auditoris >> Teatres",,174771,el Besòs i el Maresme,True,20001
2,,,Tel.,Pl Urquinaona,Telèfons,8010,55732068,902332211,BARCELONA,2.1736169049485072,41.38888805495527,Teatres,651,Ciutat Vella,430909.71048912965,9,﻿75990094613,,True,1,,,4,3,Teatre Borràs,232902,1996-09-18T00:00:00,4582258.224254581,,2021-03-03T22:14:23.545731,65103002001000,"Planol BCN >> Cultura i lleure >> Cinemes, teatres, auditoris >> Teatres",,141428,"Sant Pere, Santa Caterina i la Ribera",True,20001
3,,,,Passeig de Gràcia,,8007,55732069,,Barcelona,2.1676607608778427,41.389557159444486,Cinemes,651,Eixample,430412.45230611257,13,﻿75990063415,,True,2,,,7,4,Cinema Comèdia,148307,1996-09-18T00:00:00,4582337.273381294,,2021-07-19T14:08:50.961605,65103002001001,"Planol BCN >> Cultura i lleure >> Cinemes, teatres, auditoris >> Cinemes",,,la Dreta de l'Eixample,,
4,,,Centraleta,C Muntaner,Telèfons,8021,55732068,932097711,BARCELONA,2.1490629497204705,41.39462416093731,Teatres,651,Sarrià-Sant Gervasi,428863.0962432487,246,﻿75990090931,,True,5,,,26,5,Luz de Gas,223606,1996-09-18T00:00:00,4582914.907423271,,2021-03-03T22:14:27.664466,65103002001000,"Planol BCN >> Cultura i lleure >> Cinemes, teatres, auditoris >> Teatres",,141401,Sant Gervasi - Galvany,True,20003
5,,,Centraleta,C Muntaner,Telèfons,8021,55734070,932097711,BARCELONA,2.1490629497204705,41.39462416093731,Discoteques,651,Sarrià-Sant Gervasi,428863.0962432487,246,﻿75990090931,,True,5,,,26,6,Luz de Gas,223606,1996-09-18T00:00:00,4582914.907423271,,2021-03-03T22:14:27.664466,65103002003002,Planol BCN >> Cultura i lleure >> Espais de música i copes >> Discoteques,,141401,Sant Gervasi - Galvany,True,20003
6,,,Tel.,C Sèneca,Telèfons,8006,55732068,932181512,BARCELONA,2.1561672909020553,41.39687680348929,Teatres,651,Gràcia,429459.44839672436,22,﻿75990119885,,True,6,,,31,7,Jove Teatre Regina,322801,1996-09-18T00:00:00,4583159.184165249,,2021-03-03T22:14:24.448837,65103002001000,"Planol BCN >> Cultura i lleure >> Cinemes, teatres, auditoris >> Teatres",,144087,la Vila de Gràcia,True,20001
7,,,Tel.,C Reina Amàlia,Telèfons,8001,55732068,638330741,BARCELONA,2.165560019721226,41.377985919563486,Teatres,651,Ciutat Vella,430224.44939951884,3,﻿99400496646,,True,1,,,1,8,Ateneu del Raval,277809,2017-04-25T16:16:33,4581054.3418629095,,2021-03-24T09:14:39.688848,65103002001000,"Planol BCN >> Cultura i lleure >> Cinemes, teatres, auditoris >> Teatres",,230142,el Raval,True,20001
8,,,Tel.,C Joaquín Costa,Telèfons,8001,55732068,933435323,BARCELONA,2.1646893988676155,41.384215798163275,Teatres,651,Ciutat Vella,430158.31389886036,68,﻿75990172785,,True,1,,,1,9,Teatre Goya,167709,1996-09-18T00:00:00,4581746.674092045,,2021-03-03T22:14:29.516985,65103002001000,"Planol BCN >> Cultura i lleure >> Cinemes, teatres, auditoris >> Teatres",,147327,el Raval,True,20001
9,,,,C Quevedo,,8012,55732068,,BARCELONA,2.161506603010766,41.403259534425715,Teatres,651,Gràcia,429912.6528461567,36,﻿99400576665,,True,6,,,31,10,Teatre Badabadoc,272500,2018-02-09T12:23:53,4583863.453390229,,2021-03-03T22:15:27.485958,65103002001000,"Planol BCN >> Cultura i lleure >> Cinemes, teatres, auditoris >> Teatres",,,la Vila de Gràcia,,
10,,,Tel.,C Pujades,Telèfons,8005,55732068,934853699,BARCELONA,2.200145848591939,41.401133285381995,Teatres,651,Sant Martí,433140.2485422849,176,﻿92086015468,92086015460,True,10,,,68,11,Teatre,270901,1986-04-24T00:00:00,4583596.858643833,Centre Moral i Cultural del Poblenou,2021-03-03T22:15:37.362930,65103002001000,"Planol BCN >> Cultura i lleure >> Cinemes, teatres, auditoris >> Teatres",,164324,el Poblenou,True,20001
11,,,Tel.,C Alt de Mariner,Telèfons,8032,55732068,934291040,BARCELONA,2.159483634861552,41.43100927363023,Teatres,651,Horta-Guinardó,429773.45655546675,15,﻿92086005606,92086005602,True,7,,,43,12,Teatre,12000,1986-04-22T00:00:00,4586945.842314035,Foment Hortenc,2018-07-26T14:31:11,65103002001000,"Planol BCN >> Cultura i lleure >> Cinemes, teatres, auditoris >> Teatres",,162380,Horta,True,20001
12,,,Tel.,C la Rambla,Telèfons,8002,55732068,933012892,BARCELONA,2.1746459729448815,41.37899885278571,Teatres,651,Ciutat Vella,430985.2909798677,35,﻿92086010653,92086010651,True,1,,,1,13,Teatre,34308,1986-04-22T00:00:00,4581159.520992446,Centro Galego de Barcelona,2018-07-26T14:31:12,65103002001000,"Planol BCN >> Cultura i lleure >> Cinemes, teatres, auditoris >> Teatres",,163518,el Raval,True,20001
13,,,Tel.,C Gleva,Telèfons,8006,55732068,932006543,BARCELONA,2.1459172219406413,41.40327153606097,Teatres,651,Sarrià-Sant Gervasi,428609.5805026946,19,﻿99400550523,,True,5,,,27,14,Teatre La Gleva,146709,2017-11-06T15:29:10,4583877.515980525,,2021-03-03T22:15:00.049977,65103002001000,"Planol BCN >> Cultura i lleure >> Cinemes, teatres, auditoris >> Teatres",,230721,el Putxet i el Farró,True,20001
14,,,Tel.,C Flors,Telèfons,8001,55732068,934417022,BARCELONA,2.167378942374887,41.37596959387577,Teatres,651,Ciutat Vella,430374.39798812335,22,﻿75990343578,,True,1,,,1,15,Tantarantana Teatre,127409,1996-09-18T00:00:00,4580829.030093193,,2022-06-28T13:45:08.272453,65103002001000,"Planol BCN >> Cultura i lleure >> Cinemes, teatres, auditoris >> Teatres",,151235,el Raval,True,20001
15,,,,Avinguda del Paral·lel,,8001,55732070,,Barcelona,2.169600853423022,41.37518591544726,Auditoris,651,Ciutat Vella,430559.3672077728,62,﻿99400249050,,True,1,,,1,16,Sala Paral·lel 62,198804,2010-06-15T13:28:24,4580740.244997954,,2022-05-23T12:00:14.801896,65103002001002,"Planol BCN >> Cultura i lleure >> Cinemes, teatres, auditoris >> Auditoris",,,el Raval,,
16,,,,Avinguda del Paral·lel,,8001,55732068,,Barcelona,2.169600853423022,41.37518591544726,Teatres,651,Ciutat Vella,430559.3672077728,62,﻿99400249050,,True,1,,,1,17,Sala Paral·lel 62,198804,2010-06-15T13:28:24,4580740.244997954,,2022-05-23T12:00:14.801896,65103002001000,"Planol BCN >> Cultura i lleure >> Cinemes, teatres, auditoris >> Teatres",,,el Raval,,
17,,,Tel.,C Terol,Telèfons,8012,55732068,932853712,BARCELONA,2.1585803536335804,41.403283379264984,Teatres,651,Gràcia,429668.07922117866,26,﻿75990176320,,True,6,,,31,18,Teatreneu Multisales,334902,1996-09-18T00:00:00,4583868.472290509,,2021-03-03T22:14:31.564322,65103002001000,"Planol BCN >> Cultura i lleure >> Cinemes, teatres, auditoris >> Teatres",,147391,la Vila de Gràcia,True,20001
18,,,Tel.,C Vallcivera,Telèfons,8033,55732068,932562900,BARCELONA,2.1783656547350856,41.46070056717624,Teatres,651,Nou Barris,431382.3852707189,14,﻿99113100133,92086019602,True,8,,,55,19,Teatre Zona Nord,351606,1999-04-23T00:00:00,4590227.012690122,Centre Cívic Zona Nord,2021-03-03T22:16:20.975095,65103002001000,"Planol BCN >> Cultura i lleure >> Cinemes, teatres, auditoris >> Teatres",,202223,Ciutat Meridiana,True,20001
19,,,,C Bailèn,,8037,55732068,,BARCELONA,2.1647139955067414,41.4015620733963,Teatres,651,Gràcia,430178.935298811,194,﻿99400390579,,True,6,,,32,20,Teatre Sala Pangolí,31300,2015-07-02T13:32:23,4583672.413308518,,2022-03-07T14:17:03.819756,65103002001000,"Planol BCN >> Cultura i lleure >> Cinemes, teatres, auditoris >> Teatres",,,el Camp d'en Grassot i Gràcia Nova,,
20,,,Tel.,C Consell de Cent,Telèfons,8009,55732068,931824606,BARCELONA,2.1737571648009806,41.39729487181366,Teatres,651,Eixample,430930.33709709044,435,﻿99400263571,,True,2,,,7,21,Teatre Sala Atrium,89004,2011-01-24T13:56:16,4583191.425154372,,2021-03-03T22:14:33.125471,65103002001000,"Planol BCN >> Cultura i lleure >> Cinemes, teatres, auditoris >> Teatres",,223311,la Dreta de l'Eixample,True,20001
21,,,Tel.,Avinguda Diagonal,Telèfons,8018,55732069,934860511,Barcelona,2.1925213552739606,41.40497574863421,Cinemes,651,Sant Martí,432506.888609326,208,﻿95122123236,,True,10,,,66,22,Glòries Multicines,144601,1995-05-02T00:00:00,4584029.356299913,,2021-07-20T10:51:10.310530,65103002001001,"Planol BCN >> Cultura i lleure >> Cinemes, teatres, auditoris >> Cinemes",,186039,el Parc i la Llacuna del Poblenou,True,20001
22,,,Tel.,C Bailèn,Telèfons,8010,55732068,933192397,BARCELONA,2.1761725773451586,41.392616348510636,Teatres,651,Eixample,431127.31628970173,23,﻿99400406294,157183430,True,2,,,7,23,Eòlia Teatre,31300,2015-11-16T00:00:00,4582670.099280349,Eòlia Escola Superior d'Art Dramàtic,2020-08-18T09:22:00,65103002001000,"Planol BCN >> Cultura i lleure >> Cinemes, teatres, auditoris >> Teatres",,227153,la Dreta de l'Eixample,True,20001
23,,,Tel.,C Rocafort,Telèfons,8015,55732068,934231234,BARCELONA,2.1559984029949595,41.377440986950916,Teatres,651,Eixample,429424.31419070653,42,﻿97331100216,75990108406,True,2,,,10,24,Teatre,285807,1997-11-27T00:00:00,4581001.58621176,Centre Educatiu Salesià de Sant Josep,2018-07-26T14:31:13,65103002001000,"Planol BCN >> Cultura i lleure >> Cinemes, teatres, auditoris >> Teatres",,199493,Sant Antoni,True,20001
24,,,Centraleta,C Siracusa,Telèfons,8012,55732068,932859977,BARCELONA,2.1610486207958024,41.40207573147156,Teatres,651,Gràcia,429873.0982577428,53,﻿99400055624,75990282616,True,6,,,31,25,Teatre,326201,2003-07-31T12:24:00,4583732.399660181,Associació Catalana per la Integració i el Desenvolupament Humà,2018-07-26T14:31:14,65103002001000,"Planol BCN >> Cultura i lleure >> Cinemes, teatres, auditoris >> Teatres",,207532,la Vila de Gràcia,True,20003
25,,,Tel.,Carrer de Girona,Telèfons,8037,55732069,931184531,Barcelona,2.1646297912750754,41.39962729390151,Cinemes,651,Eixample,430169.8254318745,175,﻿75990332131,,True,2,,,7,26,Cinemes Girona,145003,1996-09-18T00:00:00,4583457.684401013,,2021-07-19T14:12:16.063732,65103002001001,"Planol BCN >> Cultura i lleure >> Cinemes, teatres, auditoris >> Cinemes",,150608,la Dreta de l'Eixample,True,20001
26,,,Tel.,Pl Arts,Telèfons,8013,55732068,933065700,BARCELONA,2.1861052566703805,41.399717639588516,Teatres,651,Eixample,431965.1099895695,1,﻿98197085714,97314144540,True,2,,,5,27,Sala Tallers,701191,1998-07-16T00:00:00,4583450.626835787,Teatre Nacional de Catalunya,2021-03-03T22:14:32.194446,65103002001000,"Planol BCN >> Cultura i lleure >> Cinemes, teatres, auditoris >> Teatres",,200853,el Fort Pienc,True,20001
27,,35,,Avinguda Diagonal,,8019,55732069,,Barcelona,2.2185977535691412,41.4110058350133,Cinemes,651,Sant Martí,434692.5412500838,3,﻿1317124759,,True,10,,,69,120,Cinesa Diagonal Mar,144601,2001-11-13T00:00:00,4584678.819395833,,2021-03-23T09:47:55.322048,65103002001001,"Planol BCN >> Cultura i lleure >> Cinemes, teatres, auditoris >> Cinemes",,,Diagonal Mar i el Front Marítim del Poblenou,,
28,,,Tel.,Avinguda Diagonal,Telèfons,8006,55732069,936243127,Barcelona,2.153706657473608,41.39533648841554,Cinemes,651,Sarrià-Sant Gervasi,429252.07844731514,508,﻿98083181348,,True,5,,,26,28,Cinemes Boliche,144601,1998-03-24T00:00:00,4582990.186770501,,2021-07-19T14:11:34.800522,65103002001001,"Planol BCN >> Cultura i lleure >> Cinemes, teatres, auditoris >> Cinemes",,200383,Sant Gervasi - Galvany,True,20001
29,,,Tel.,Carrer de Sant Lluís,Telèfons,8024,55732068,93 351 82 31,Barcelona,2.161422452441883,41.40612256064371,Teatres,651,Gràcia,429908.69581839285,64,﻿99400222930,,True,6,,,31,29,Teatre Golem's,306306,2009-03-12T11:04:25,4584181.371289009,,2021-11-16T11:50:49.978322,65103002001000,"Planol BCN >> Cultura i lleure >> Cinemes, teatres, auditoris >> Teatres",,222001,la Vila de Gràcia,True,20001
30,,,Tel.,C Montalegre,Telèfons,8001,55732068,933064100,BARCELONA,2.1668129104163323,41.38391450226559,Teatres,651,Ciutat Vella,430335.5441832022,5,﻿99400266129,94042144909,True,1,,,1,30,Teatre CCCB,216906,2011-03-11T00:00:00,4581711.515471728,Centre de Cultura Contemporània de Barcelona,2021-03-03T22:14:32.621842,65103002001000,"Planol BCN >> Cultura i lleure >> Cinemes, teatres, auditoris >> Teatres",,224238,el Raval,True,20001
31,,,Centraleta,Carrer de Salvador Espriu,Telèfons,8005,55732069,932217912,Barcelona,2.1978686794906324,41.39092742219698,Cinemes,651,Sant Martí,432939.40871910215,61,﻿75990406630,,True,10,,,67,31,Yelmo Cines Icària,700662,1996-09-18T00:00:00,4582465.578640014,,2021-07-20T10:56:30.745368,65103002001001,"Planol BCN >> Cultura i lleure >> Cinemes, teatres, auditoris >> Cinemes",,152827,la Vila Olímpica del Poblenou,True,20003
32,,,Tel.,Av Paral.lel,Telèfons,8004,55732068,934423132,BARCELONA,2.1647278359171005,41.374807336003386,Teatres,651,Sants-Montjuïc,430151.46118235396,91,﻿75990162559,,True,3,,,11,32,Teatre Condal,198804,1996-09-18T00:00:00,4580702.131285982,,2021-03-03T22:14:28.995346,65103002001000,"Planol BCN >> Cultura i lleure >> Cinemes, teatres, auditoris >> Teatres",,145208,el Poble-sec,True,20001
33,,,Tel.,Ptge Sert,Telèfons,8003,55732068,933106044,BARCELONA,2.1768372455564053,41.38925723996961,Teatres,651,Ciutat Vella,431179.34086046874,10,﻿99400198988,,True,1,,,4,33,Comedianet,324308,2008-01-24T10:38:29,4582296.647934654,,2021-03-03T22:16:10.427905,65103002001000,"Planol BCN >> Cultura i lleure >> Cinemes, teatres, auditoris >> Teatres",,219328,"Sant Pere, Santa Caterina i la Ribera",True,20001
34,,,Tel.,Carrer de Torrijos,Telèfons,8012,55732069,932387990,Barcelona,2.157681863312379,41.404464186485015,Cinemes,651,Gràcia,429594.250910855,49,﻿75990349641,,True,6,,,31,34,Cinemes Verdi Park,341908,1996-09-18T00:00:00,4584000.2939895615,,2021-07-19T14:15:32.248957,65103002001001,"Planol BCN >> Cultura i lleure >> Cinemes, teatres, auditoris >> Cinemes",,151813,la Vila de Gràcia,True,20001
35,,,Tel.,G.V. Corts Catalanes,Telèfons,8007,55732068,933171448,BARCELONA,2.166179379678894,41.388196969202276,Teatres,651,Eixample,430287.147555079,595,﻿75990147320,,True,2,,,7,35,Teatre Coliseum,169409,1996-09-18T00:00:00,4582187.457817306,,2021-03-03T22:14:31.314828,65103002001000,"Planol BCN >> Cultura i lleure >> Cinemes, teatres, auditoris >> Teatres",,145083,la Dreta de l'Eixample,True,20001
36,,,Tel.,C Carders,Telèfons,8003,55732069,692104312,BARCELONA,2.1800919458135435,41.38619023824581,Cinemes,651,Ciutat Vella,431448.23131678486,12,﻿99400504551,,True,1,,,4,36,Recursos d'Animació Intercultural RAI,65607,2017-05-17T13:58:16,4581953.574336966,,2021-03-03T22:14:20.505204,65103002001001,"Planol BCN >> Cultura i lleure >> Cinemes, teatres, auditoris >> Cinemes",,230257,"Sant Pere, Santa Caterina i la Ribera",True,20001
37,,,Tel.,C Carders,Telèfons,8003,55732068,692104312,BARCELONA,2.1800919458135435,41.38619023824581,Teatres,651,Ciutat Vella,431448.23131678486,12,﻿99400504551,,True,1,,,4,37,Recursos d'Animació Intercultural RAI,65607,2017-05-17T13:58:16,4581953.574336966,,2021-03-03T22:14:20.505204,65103002001000,"Planol BCN >> Cultura i lleure >> Cinemes, teatres, auditoris >> Teatres",,230257,"Sant Pere, Santa Caterina i la Ribera",True,20001
38,,,Tel.,Pl Nord,Telèfons,8024,55732068,932183372,BARCELONA,2.1555669096743912,41.407283425886,Teatres,651,Gràcia,429420.5205326059,7,﻿99400355463,75990416212,True,6,,,31,38,Teatre,229001,2014-10-10T00:00:00,4584315.00388437,Lluïsos de Gràcia,2021-03-03T22:14:44.927296,65103002001000,"Planol BCN >> Cultura i lleure >> Cinemes, teatres, auditoris >> Teatres",,226499,la Vila de Gràcia,True,20001
39,,,Tel.,Ronda del General Mitre,Telèfons,8017,55732069,932095658,Barcelona,2.1332127747413,41.393863887739755,Cinemes,651,Sarrià-Sant Gervasi,427537.191143616,34,﻿99217141611,,True,5,,,24,39,Gran Sarrià Multicines,143904,1999-08-05T00:00:00,4582843.637837001,,2021-12-13T09:54:01.945879,65103002001001,"Planol BCN >> Cultura i lleure >> Cinemes, teatres, auditoris >> Cinemes",,203314,les Tres Torres,True,20001
40,,,Tel.,Carrer de Potosí,Telèfons,8030,55732069,932746600,Barcelona,2.200238929630626,41.44277588752411,Cinemes,651,Sant Andreu,433190.726134455,2,﻿159174943,,True,9,,,59,40,Cinesa *La Maquinista,264308,2000-06-07T00:00:00,4588219.907594471,,2021-07-19T14:16:13.379534,65103002001001,"Planol BCN >> Cultura i lleure >> Cinemes, teatres, auditoris >> Cinemes",,129639,el Bon Pastor,True,20001
41,,,Tel.,C Hondures,Telèfons,8027,55732068,933407468,BARCELONA,2.1899651964541302,41.4199791609378,Teatres,651,Sant Andreu,432308.80819828017,28,﻿75990531988,,True,9,,,61,128,Fàbrica de Creació Nau Ivanow,156509,1998-06-06T00:00:00,4585697.013001065,,2022-06-28T13:45:14.807699,65103002001000,"Planol BCN >> Cultura i lleure >> Cinemes, teatres, auditoris >> Teatres",,155283,la Sagrera,True,20001
42,,,Tel.,C Montalegre,Telèfons,8001,55732070,934022565,BARCELONA,2.1668129104163323,41.38391450226559,Auditoris,651,Ciutat Vella,430335.5441832022,7,﻿99400061518,92168152008,True,1,,,1,41,Auditori,216906,2003-09-26T14:10:00,4581711.515471728,Centre d'Estudis i Recursos Culturals - Pati Manning,2018-10-15T11:46:12,65103002001002,"Planol BCN >> Cultura i lleure >> Cinemes, teatres, auditoris >> Auditoris",,207607,el Raval,True,20001
43,,,Tel.,C Alpens,Telèfons,8014,55732068,934322477,BARCELONA,2.1406223191051614,41.37193826407039,Teatres,651,Sants-Montjuïc,428132.49187971157,3,﻿99400265667,,True,3,,,16,42,Sala FlyHard,11506,2011-03-04T11:44:17,4580403.3177799275,,2021-03-03T22:14:25.532368,65103002001000,"Planol BCN >> Cultura i lleure >> Cinemes, teatres, auditoris >> Teatres",,223856,la Bordeta,True,20001
44,,,Centraleta,Carrer de Lepant,Telèfons,8013,55732070,932479300,Barcelona,2.185159128100962,41.398772424934776,Auditoris,651,Eixample,431885.0337887164,150,﻿98097151404,,True,2,,,5,43,L'Auditori de Barcelona,178308,1998-04-07T00:00:00,4583346.43383598,,2021-11-26T09:43:37.637123,65103002001002,"Planol BCN >> Cultura i lleure >> Cinemes, teatres, auditoris >> Auditoris",,200811,el Fort Pienc,True,20003
45,,,Centraleta,Carrer de Lepant,Telèfons,8013,66731068,932479300,Barcelona,2.185159128100962,41.398772424934776,WiFi BCN,651,Eixample,431885.0337887164,150,﻿98097151404,,True,2,,,5,44,L'Auditori de Barcelona,178308,1998-04-07T00:00:00,4583346.43383598,,2021-11-26T09:43:37.637123,65103013000000,Planol BCN >> Internet >> Punts d'accés a Internet >> WiFi BCN,,200811,el Fort Pienc,True,20003
46,,,Tel.,Pl Arts,Telèfons,8013,55732068,933065700,BARCELONA,2.1861052566703805,41.399717639588516,Teatres,651,Eixample,431965.1099895695,1,﻿97315093326,97314144540,True,2,,,5,45,Sala Petita,701191,1997-11-11T00:00:00,4583450.626835787,Teatre Nacional de Catalunya,2021-03-03T22:14:33.352858,65103002001000,"Planol BCN >> Cultura i lleure >> Cinemes, teatres, auditoris >> Teatres",,199635,el Fort Pienc,True,20001
47,,,Tel.,C Immaculada,Telèfons,8017,55732069,932120908,BARCELONA,2.124704428980365,41.40692032299082,Cinemes,651,Sarrià-Sant Gervasi,426840.5375970893,25,﻿92086006075,92168165009,True,5,,,25,46,Sala de Cinema,162400,1990-06-08T00:00:00,4584300.299479517,Escola Pia de Sarrià-Calassanç,2021-03-03T22:15:32.017530,65103002001001,"Planol BCN >> Cultura i lleure >> Cinemes, teatres, auditoris >> Cinemes",,162316,Sant Gervasi - la Bonanova,True,20001
48,,,Tel.,C Pau Claris,Telèfons,8009,55732068,932159900,BARCELONA,2.1668080403042533,41.3928664373344,Teatres,651,Eixample,430344.69288852025,131,﻿97038210711,75990016466,True,2,,,7,47,Teatre,247659,1997-02-07T00:00:00,4582705.349776127,Centre Educatiu Lestonnac,2018-07-26T14:31:13,65103002001000,"Planol BCN >> Cultura i lleure >> Cinemes, teatres, auditoris >> Teatres",,197503,la Dreta de l'Eixample,True,20001
49,,,Tel.,Pg Bonanova,Telèfons,8022,55732068,932540950,BARCELONA,2.1324875894106516,41.406240127327884,Teatres,651,Sarrià-Sant Gervasi,427490.32430290646,8,﻿97041174204,75990334003,True,5,,,25,48,Teatre,44709,1997-02-10T00:00:00,4584218.240419642,Centre Educatiu La Salle Bonanova,2018-07-26T14:31:13,65103002001000,"Planol BCN >> Cultura i lleure >> Cinemes, teatres, auditoris >> Teatres",,196708,Sant Gervasi - la Bonanova,True,20001
50,,,Tel.,Av Gaudí,Telèfons,8025,55732068,934563809,BARCELONA,2.1742757541260676,41.40536965954957,Teatres,651,Eixample,430982.2334090483,13,﻿97069112423,,True,2,,,6,49,Lluna Pruna - Teatre Moriqueta,142300,1997-03-10T00:00:00,4584087.464425551,,2018-07-26T14:31:14,65103002001000,"Planol BCN >> Cultura i lleure >> Cinemes, teatres, auditoris >> Teatres",,197409,la Sagrada Família,True,20001
51,,,Tel.,C la Rambla,Telèfons,8002,55732070,934859900,BARCELONA,2.1733467293401083,41.38014677441643,Auditoris,651,Ciutat Vella,430877.86499799887,51,﻿92086009073,,True,1,,,1,50,Gran Teatre del Liceu,34308,1988-04-26T00:00:00,4581287.9967164975,,2022-01-19T13:28:34.529461,65103002001002,"Planol BCN >> Cultura i lleure >> Cinemes, teatres, auditoris >> Auditoris",,162170,el Raval,True,20001
52,,,Tel.,C la Rambla,Telèfons,8002,55732068,934859900,BARCELONA,2.1733467293401083,41.38014677441643,Teatres,651,Ciutat Vella,430877.86499799887,51,﻿92086009073,,True,1,,,1,51,Gran Teatre del Liceu,34308,1988-04-26T00:00:00,4581287.9967164975,,2022-01-19T13:28:34.529461,65103002001000,"Planol BCN >> Cultura i lleure >> Cinemes, teatres, auditoris >> Teatres",,162170,el Raval,True,20001
53,,,Tel.,C la Rambla,Telèfons,8002,66731068,934859900,BARCELONA,2.1733467293401083,41.38014677441643,WiFi BCN,651,Ciutat Vella,430877.86499799887,51,﻿92086009073,,True,1,,,1,52,Gran Teatre del Liceu,34308,1988-04-26T00:00:00,4581287.9967164975,,2022-01-19T13:28:34.529461,65103013000000,Planol BCN >> Internet >> Punts d'accés a Internet >> WiFi BCN,,162170,el Raval,True,20001
54,,,Tel.,Pl Margarida Xirgu,Telèfons,8004,55732068,932892770,BARCELONA,2.1574493260272294,41.37067944906853,Teatres,651,Sants-Montjuïc,429538.34523939574,1,﻿75990089577,,True,3,,,11,53,Teatre Lliure,700685,1996-09-18T00:00:00,4580249.751575231,,2021-11-25T14:38:05.768744,65103002001000,"Planol BCN >> Cultura i lleure >> Cinemes, teatres, auditoris >> Teatres",,140682,el Poble-sec,True,20001
55,,,Tel.,Pg Lluís Companys,Telèfons,8018,55732070,933003708,BARCELONA,2.18134710585921,41.39128260500433,Auditoris,651,Ciutat Vella,431558.5161299214,18,﻿92086001555,92168165873,True,1,,,4,54,Auditòrium,359109,1986-04-23T00:00:00,4582517.928852556,Institut Pau Claris,2018-07-26T15:59:18,65103002001002,"Planol BCN >> Cultura i lleure >> Cinemes, teatres, auditoris >> Auditoris",,160563,"Sant Pere, Santa Caterina i la Ribera",True,20001
56,,,Secretaria,C Ros de Olano,Telèfons,8012,55732068,932181964,BARCELONA,2.1547866439174417,41.40114676985132,Teatres,651,Gràcia,429348.65637355973,9,﻿92086003081,92086003071,True,6,,,31,55,Teatre,288102,1986-04-23T00:00:00,4583634.355507271,Centre Moral i Instructiu de Gràcia,2021-03-03T22:15:31.814979,65103002001000,"Planol BCN >> Cultura i lleure >> Cinemes, teatres, auditoris >> Teatres",,160353,la Vila de Gràcia,True,20008
57,,,Tel.,C Montseny,Telèfons,8012,55732068,932372019,BARCELONA,2.155365287760065,41.402365549501205,Teatres,651,Gràcia,429398.3448625097,31,﻿99400398267,92168166146,True,6,,,31,56,Sala Montseny,220109,2015-10-01T00:00:00,4583769.191202575,Centre Educatiu Sant Josep,2021-03-03T22:14:41.531169,65103002001000,"Planol BCN >> Cultura i lleure >> Cinemes, teatres, auditoris >> Teatres",,227309,la Vila de Gràcia,True,20001
58,,,Tel.,C Flors,Telèfons,8001,55732068,934417022,BARCELONA,2.167378942374887,41.37596959387577,Teatres,651,Ciutat Vella,430374.39798812335,22,﻿99400466662,75990343578,True,1,,,1,57,Baixos 22,127409,2016-09-30T00:00:00,4580829.030093193,Tantarantana Teatre,2021-03-03T22:15:00.494744,65103002001000,"Planol BCN >> Cultura i lleure >> Cinemes, teatres, auditoris >> Teatres",,229116,el Raval,True,20001
59,,,Tel.,C Terol,Telèfons,8012,55732068,932853712,BARCELONA,2.1585803536335804,41.403283379264984,Teatres,651,Gràcia,429668.07922117866,26,﻿99202125322,75990176320,True,6,,,31,58,Sala Xavier Fàbregas,334902,1999-07-21T00:00:00,4583868.472290509,Teatreneu Multisales,2021-03-03T22:15:48.225389,65103002001000,"Planol BCN >> Cultura i lleure >> Cinemes, teatres, auditoris >> Teatres",,203194,la Vila de Gràcia,True,20001
60,,,Tel.,Carrer de Feliu i Codina,Telèfons,8031,55732068,934277327,Barcelona,2.160284532360467,41.43234047317263,Teatres,651,Horta-Guinardó,429841.8068614027,7,﻿99400281031,1295101552,True,7,,,43,59,Teatre,122303,2011-10-26T00:00:00,4587092.981894597,Lluïsos d'Horta,2021-12-13T16:51:31.255401,65103002001000,"Planol BCN >> Cultura i lleure >> Cinemes, teatres, auditoris >> Teatres",,224652,Horta,True,20001
61,,,Centraleta,Plaça del Rei,Telèfons,8002,55732070,932562100,Barcelona,2.1772601428647365,41.38429548881281,Auditoris,651,Ciutat Vella,431209.4676803316,9,﻿2071125357,92086011563,True,1,,,2,60,Saló del Tinell,280600,2002-03-12T00:00:00,4581745.466319346,MUHBA Museu d'Història de Barcelona - Plaça del Rei,2022-03-11T14:20:46.136060,65103002001002,"Planol BCN >> Cultura i lleure >> Cinemes, teatres, auditoris >> Auditoris",,134629,el Barri Gòtic,True,20003
62,,,,Avinguda de Rio de Janeiro,,8016,55732069,,Barcelona,2.1810417657639785,41.43512473027454,Cinemes,651,Nou Barris,431579.0119413545,42,﻿1257094507,,True,8,,,45,61,Cinesa SOM Multiespai,282650,2001-09-14T00:00:00,4587385.475400657,,2021-07-20T10:48:03.561741,65103002001001,"Planol BCN >> Cultura i lleure >> Cinemes, teatres, auditoris >> Cinemes",,,Porta,,
63,,,Tel.,C Moià,Telèfons,8006,55732069,935677777,BARCELONA,2.151795435612186,41.39528332259959,Cinemes,651,Sarrià-Sant Gervasi,429092.24600143725,8,﻿99400025390,92086003767,True,5,,,26,62,Sala de Projecció 35mm,222501,2002-11-05T12:10:32,4582985.84677936,Institut Français de Barcelone,2021-03-03T22:16:00.951815,65103002001001,"Planol BCN >> Cultura i lleure >> Cinemes, teatres, auditoris >> Cinemes",,206321,Sant Gervasi - Galvany,True,20001
64,,,Tel.,Montalegre,Telèfons,8001,55732070,933064100,BARCELONA,2.1668129104163323,41.38391450226559,Auditoris,651,Ciutat Vella,430335.5441832022,5,﻿271101523,94042144909,True,1,,,1,63,Auditori,216906,2000-09-27T00:00:00,4581711.515471728,Centre de Cultura Contemporània de Barcelona,2021-03-03T22:14:06.196602,65103002001002,"Planol BCN >> Cultura i lleure >> Cinemes, teatres, auditoris >> Auditoris",,130838,el Raval,True,20001
65,,,,Av Sarrià,,8029,55732068,,BARCELONA,2.144719394095666,41.39023952186028,Teatres,651,Eixample,428495.1739213708,33,﻿99400321930,,True,2,,,9,64,Aquitània Teatre,320704,2013-07-04T12:03:30,4582431.706059874,,2021-06-21T15:50:35.212554,65103002001000,"Planol BCN >> Cultura i lleure >> Cinemes, teatres, auditoris >> Teatres",,,la Nova Esquerra de l'Eixample,,
66,,,Tel.,Lleida,Telèfons,8004,55732070,934261875,BARCELONA,2.157271883570921,41.370538264069474,Auditoris,651,Sants-Montjuïc,429523.35338845866,59,﻿96143183229,92086015078,True,3,,,11,65,Sala Maria Aurèlia Capmany,178400,1996-05-22T00:00:00,4580234.221723731,Mercat de les Flors Centre de les Arts de Moviment,2021-03-03T22:14:37.386628,65103002001002,"Planol BCN >> Cultura i lleure >> Cinemes, teatres, auditoris >> Auditoris",,192389,el Poble-sec,True,20001
67,,,Tel.,Lleida,Telèfons,8004,55732068,934261875,BARCELONA,2.157271883570921,41.370538264069474,Teatres,651,Sants-Montjuïc,429523.35338845866,59,﻿96143183229,92086015078,True,3,,,11,66,Sala Maria Aurèlia Capmany,178400,1996-05-22T00:00:00,4580234.221723731,Mercat de les Flors Centre de les Arts de Moviment,2021-03-03T22:14:37.386628,65103002001000,"Planol BCN >> Cultura i lleure >> Cinemes, teatres, auditoris >> Teatres",,192389,el Poble-sec,True,20001
68,,,Tel.,Av Paral.lel,Telèfons,8004,55732068,934423132,BARCELONA,2.1647278359171005,41.374807336003386,Teatres,651,Sants-Montjuïc,430151.46118235396,91,﻿99400609357,75990162559,True,3,,,11,67,Club Onyric,198804,2018-09-26T00:00:00,4580702.131285982,Teatre Condal,2019-04-15T12:23:06,65103002001000,"Planol BCN >> Cultura i lleure >> Cinemes, teatres, auditoris >> Teatres",,232460,el Poble-sec,True,20001
69,,,Tel.,Lleida,Telèfons,8004,55732068,934261875,BARCELONA,2.157271883570921,41.370538264069474,Teatres,651,Sants-Montjuïc,429523.35338845866,59,﻿97330132911,92086015078,True,3,,,11,68,Sala Sebastià Gasch,178400,1997-11-26T00:00:00,4580234.221723731,Mercat de les Flors Centre de les Arts de Moviment,2021-03-03T22:15:46.225715,65103002001000,"Planol BCN >> Cultura i lleure >> Cinemes, teatres, auditoris >> Teatres",,199458,el Poble-sec,True,20001
70,,,Tel.,C Riereta,Telèfons,8001,55732068,931802518,BARCELONA,2.1690774017656755,41.37774197880728,Teatres,651,Ciutat Vella,430518.3145482894,31,﻿99400311203,,True,1,,,1,69,Sala Fènix,282605,2013-02-18T14:51:50,4581024.434215371,,2021-03-03T22:14:35.944499,65103002001000,"Planol BCN >> Cultura i lleure >> Cinemes, teatres, auditoris >> Teatres",,225136,el Raval,True,20001
71,,,Tel.,Ramon Trias Fargas,Telèfons,8005,55732070,935421700,BARCELONA,2.1909833351708046,41.38924681822701,Auditoris,651,Sant Martí,432362.02636735974,23,﻿97035175013,92086033600,True,10,,,67,70,Auditori Jordi Rubió i Balaguer - Àgora,132908,1997-02-04T00:00:00,4582284.352293278,Facultat de Ciències Econòmiques i Empresarials - UPF,2018-07-26T15:59:19,65103002001002,"Planol BCN >> Cultura i lleure >> Cinemes, teatres, auditoris >> Auditoris",,195587,la Vila Olímpica del Poblenou,True,20001
72,,,Tel.,Sepúlveda,Telèfons,8015,55732068,933257712,BARCELONA,2.1560453528290644,41.37850009199138,Teatres,651,Eixample,429429.3851167408,71,﻿97038152958,75990120076,True,2,,,10,71,Teatre,323203,1997-02-07T00:00:00,4581119.128065486,Centre Educatiu Maria Auxiliadora,2019-01-07T11:03:27,65103002001000,"Planol BCN >> Cultura i lleure >> Cinemes, teatres, auditoris >> Teatres",,195607,Sant Antoni,True,20001
73,,,Tel.,Gran Via de les Corts Catalanes,Telèfons,8011,55732068,93 452 14 52,Barcelona,2.161775892823156,41.38422659579371,Teatres,651,Eixample,429914.72026620584,572,﻿99400200867,,True,2,,,10,72,Aquarella Music Restaurant,169409,2008-02-25T14:17:35,4581750.225006983,,2021-09-16T11:07:49.667915,65103002001000,"Planol BCN >> Cultura i lleure >> Cinemes, teatres, auditoris >> Teatres",,220459,Sant Antoni,True,20001
74,,,Tel.,Gran Via de les Corts Catalanes,Telèfons,8011,60731068,93 452 14 52,Barcelona,2.161775892823156,41.38422659579371,Restaurants,651,Eixample,429914.72026620584,572,﻿99400200867,,True,2,,,10,73,Aquarella Music Restaurant,169409,2008-02-25T14:17:35,4581750.225006983,,2021-09-16T11:07:49.667915,65103007000000,Planol BCN >> Restaurants >> Restaurants >> Restaurants,,220459,Sant Antoni,True,20001
75,,,Tel.,C Sant Antoni Abat,Telèfons,8001,55732068,934433464,BARCELONA,2.1652328279668542,41.37940473936599,Teatres,651,Ciutat Vella,430198.6066180643,12,﻿92086010684,92086010682,True,1,,,1,74,Teatre,296600,1988-11-04T00:00:00,4581212.120317519,Centre parroquial Nostra Sra. del Carme,2018-07-26T14:31:12,65103002001000,"Planol BCN >> Cultura i lleure >> Cinemes, teatres, auditoris >> Teatres",,163525,el Raval,True,20001
76,,,Tel.,C Hospital,Telèfons,8001,55732068,932171770,BARCELONA,2.1703526562968505,41.380494539191794,Teatres,651,Ciutat Vella,430627.87742013636,56,﻿99400332756,92086000477,True,1,,,1,75,L'Espai Teatral,157909,2013-12-19T00:00:00,4581328.99726511,Biblioteca Nacional de Catalunya,2020-10-02T10:17:31,65103002001000,"Planol BCN >> Cultura i lleure >> Cinemes, teatres, auditoris >> Teatres",,225503,el Raval,True,20001
77,,,,Carrer de Balmes,,8022,55732069,,Barcelona,2.1386299024602664,41.40718793474054,Cinemes,651,Sarrià-Sant Gervasi,428004.7712841504,422,﻿99400331613,,True,5,,,27,76,Cinema Balmes Multicine,32700,2013-12-10T10:10:51,4584318.34155342,,2021-07-19T14:07:39.737891,65103002001001,"Planol BCN >> Cultura i lleure >> Cinemes, teatres, auditoris >> Cinemes",,,el Putxet i el Farró,,
78,,,Tel.,Pl Àngels,Telèfons,8001,55732070,934120810,BARCELONA,2.1678485289915796,41.383177415641065,Auditoris,651,Ciutat Vella,430421.3493661358,1,﻿99400063278,94354123927,True,1,,,1,77,Auditori,16601,2003-10-16T12:38:00,4581628.85329612,Museu d'Art Contemporani de Barcelona,2019-03-14T12:39:01,65103002001002,"Planol BCN >> Cultura i lleure >> Cinemes, teatres, auditoris >> Auditoris",,207428,el Raval,True,20001
79,,,Centraleta,C Montseny,Telèfons,8012,55732068,932892770,BARCELONA,2.1560310640347438,41.40276104987048,Teatres,651,Gràcia,429454.4243085845,47,﻿99400253875,75990089577,True,6,,,31,78,Sala Lliure de Gràcia,220109,2010-08-30T00:00:00,4583812.556791338,Teatre Lliure,2021-03-03T22:16:21.050250,65103002001000,"Planol BCN >> Cultura i lleure >> Cinemes, teatres, auditoris >> Teatres",,223241,la Vila de Gràcia,True,20003
80,,,Tel.,Pl Margarida Xirgu,Telèfons,8004,55732068,932892770,BARCELONA,2.1574493260272294,41.37067944906853,Teatres,651,Sants-Montjuïc,429538.34523939574,1,﻿1331141308,75990089577,True,3,,,11,79,Sala Espai Lliure,700685,2001-11-27T00:00:00,4580249.751575231,Teatre Lliure,2021-03-26T09:53:30.771445,65103002001000,"Planol BCN >> Cultura i lleure >> Cinemes, teatres, auditoris >> Teatres",,133192,el Poble-sec,True,20001
81,,,Tel.,C Aragó,Telèfons,8011,55732068,936816132,BARCELONA,2.1560514695464548,41.385402500932365,Teatres,651,Eixample,429437.358878488,140,﻿75990364693,,True,2,,,8,135,Eixample Teatre,18505,1996-09-18T00:00:00,4581885.417588373,,2021-03-03T22:15:55.428795,65103002001000,"Planol BCN >> Cultura i lleure >> Cinemes, teatres, auditoris >> Teatres",,151176,l'Antiga Esquerra de l'Eixample,True,20001
82,,,Tel.,C Muntanya,Telèfons,8026,55732068,934558467,BARCELONA,2.184884438262639,41.412067769206416,Teatres,651,Sant Martí,431875.96057808015,62,﻿92086015478,92168152499,True,10,,,64,80,Teatre,217104,1986-04-24T00:00:00,4584822.682437651,Casa de Cuenca de Barcelona,2018-07-26T14:31:12,65103002001000,"Planol BCN >> Cultura i lleure >> Cinemes, teatres, auditoris >> Teatres",,164327,el Camp de l'Arpa del Clot,True,20001
83,,,Centraleta,C Arc del Teatre,Telèfons,8001,55732068,933249330,BARCELONA,2.1735298031024537,41.3771228877695,Teatres,651,Ciutat Vella,430889.9719492806,24,﻿92086000451,92086000446,True,1,,,1,81,Teatre,21306,1986-04-28T00:00:00,4580952.143997206,Escola Oficial d'Idiomes Barcelona - Drassanes,2018-07-26T14:31:11,65103002001000,"Planol BCN >> Cultura i lleure >> Cinemes, teatres, auditoris >> Teatres",,159741,el Raval,True,20003
84,,,,G.V. Corts Catalanes,,8015,55732069,,BARCELONA,2.1499752959539173,41.376038338441205,Cinemes,651,Eixample,428919.128134815,373,﻿99400267342,,True,2,,,9,82,Arenas Multicines 3D *Arenas de Barcelona,169409,2011-03-25T11:50:02,4580850.788577912,,2021-03-03T22:14:24.061239,65103002001001,"Planol BCN >> Cultura i lleure >> Cinemes, teatres, auditoris >> Cinemes",,,la Nova Esquerra de l'Eixample,,
85,,,Tel.,Trvs Sant Antoni,Telèfons,8012,55732070,932184485,BARCELONA,2.1547130775919525,41.40254484377345,Auditoris,651,Gràcia,429344.02138599445,6,﻿92086003106,,True,6,,,31,83,Centre Artesà Tradicionàrius,344407,1984-05-30T00:00:00,4583789.627991913,,2022-03-11T14:25:29.514826,65103002001002,"Planol BCN >> Cultura i lleure >> Cinemes, teatres, auditoris >> Auditoris",,160358,la Vila de Gràcia,True,20001
86,,,Tel.,Trvs Sant Antoni,Telèfons,8012,66731068,932184485,BARCELONA,2.1547130775919525,41.40254484377345,WiFi BCN,651,Gràcia,429344.02138599445,6,﻿92086003106,,True,6,,,31,84,Centre Artesà Tradicionàrius,344407,1984-05-30T00:00:00,4583789.627991913,,2022-03-11T14:25:29.514826,65103013000000,Planol BCN >> Internet >> Punts d'accés a Internet >> WiFi BCN,,160358,la Vila de Gràcia,True,20001
87,,,Tel.,C Alexandre Galí,Telèfons,8027,55732068,933523753,BARCELONA,2.1805883236192005,41.42468433973601,Teatres,651,Sant Andreu,431530.15865107905,20,﻿92086010252,92086010250,True,9,,,62,85,Teatre,120909,1986-04-22T00:00:00,4586226.749681316,Agrupació Congrés,2018-07-26T14:31:12,65103002001000,"Planol BCN >> Cultura i lleure >> Cinemes, teatres, auditoris >> Teatres",,163564,el Congrés i els Indians,True,20001
88,,,Tel.,C València,Telèfons,8027,55732068,933516011,BARCELONA,2.1907051871870453,41.413125876702814,Teatres,651,Sant Martí,432363.5368198559,680,﻿92086013951,92168172716,True,10,,,65,86,Teatre,350308,1986-05-06T00:00:00,4584935.590434671,Centre Educatiu Jesuïtes Clot - El Clot,2019-10-31T15:55:35,65103002001000,"Planol BCN >> Cultura i lleure >> Cinemes, teatres, auditoris >> Teatres",,164741,el Clot,True,20001
89,,,Tel.,C Canuda,Telèfons,8002,55732069,933436121,BARCELONA,2.171664472093875,41.38468020422838,Cinemes,651,Ciutat Vella,430742.00921502005,6,﻿92086000771,92086000762,True,1,,,2,87,Sala de Cinema,61402,1986-04-28T00:00:00,4581792.633763606,Ateneu Barcelonès,2021-03-03T22:15:35.126683,65103002001001,"Planol BCN >> Cultura i lleure >> Cinemes, teatres, auditoris >> Cinemes",,160311,el Barri Gòtic,True,20001
90,,,,Encarnació,,8012,55732068,,BARCELONA,2.1588370968562898,41.40611914447579,Teatres,651,Gràcia,429692.5969172648,25,﻿99284165916,,True,6,,,31,88,El Teatre Més Petit,109203,1999-10-11T00:00:00,4584183.087227424,,2018-07-26T14:31:13,65103002001000,"Planol BCN >> Cultura i lleure >> Cinemes, teatres, auditoris >> Teatres",,,la Vila de Gràcia,,
91,,,Tel.,Av Miramar,Telèfons,8038,55732068,934439470,BARCELONA,2.1601492925476364,41.36829226182124,Teatres,651,Sants-Montjuïc,429761.57512408664,1,﻿92086000171,92086000162,True,3,,,11,89,Teatre,213307,1988-09-14T00:00:00,4579982.539230728,Fundació Joan Miró,2021-03-03T22:15:32.723087,65103002001000,"Planol BCN >> Cultura i lleure >> Cinemes, teatres, auditoris >> Teatres",,159019,el Poble-sec,True,20001
92,,,Tel.,Casp,Telèfons,8010,55732068,933183704,BARCELONA,2.1713907164057833,41.39003192106885,Teatres,651,Eixample,430724.8012599306,25,﻿96348200713,75990035832,True,2,,,7,90,Teatre,71600,1996-12-13T00:00:00,4582386.991960319,Centre Educatiu Jesuïtes Casp - Sagrat Cor de Jesús,2018-09-12T10:05:23,65103002001000,"Planol BCN >> Cultura i lleure >> Cinemes, teatres, auditoris >> Teatres",,195681,la Dreta de l'Eixample,True,20001
93,,,Tel.,C Ganduxer,Telèfons,8022,55732068,932123354,BARCELONA,2.1335788480441584,41.399968634043724,Teatres,651,Sarrià-Sant Gervasi,427574.5726345434,85,﻿92086006167,92168166196,True,5,,,24,91,Teatre,139805,1986-05-06T00:00:00,4583521.073236874,Centre Educatiu Santa Teresa - Ganduxer,2018-07-26T14:31:12,65103002001000,"Planol BCN >> Cultura i lleure >> Cinemes, teatres, auditoris >> Teatres",,162318,les Tres Torres,True,20001
94,,,Tel.,Mercaders,Telèfons,8003,55732068,933191700,BARCELONA,2.1776407305467527,41.38573718221347,Teatres,651,Ciutat Vella,431242.8083235627,32,﻿96351192937,75990056531,True,1,,,4,92,Teatre,208602,1996-12-16T00:00:00,4581905.218767131,Escola ETP Xavier,2018-07-26T14:31:13,65103002001000,"Planol BCN >> Cultura i lleure >> Cinemes, teatres, auditoris >> Teatres",,195689,"Sant Pere, Santa Caterina i la Ribera",True,20001
95,,,Tel.,Plaça de les Arts,Telèfons,8013,55732068,933065700,Barcelona,2.1861052566703805,41.399717639588516,Teatres,651,Eixample,431965.1099895695,1,﻿97314144540,,True,2,,,5,93,Teatre Nacional de Catalunya,701191,1997-11-10T00:00:00,4583450.626835787,,2021-10-04T09:01:29.480704,65103002001000,"Planol BCN >> Cultura i lleure >> Cinemes, teatres, auditoris >> Teatres",,199928,el Fort Pienc,True,20001
96,,,Tel.,Pl Arts,Telèfons,8013,55732068,933065700,BARCELONA,2.1861052566703805,41.399717639588516,Teatres,651,Eixample,431965.1099895695,1,﻿97315093216,97314144540,True,2,,,5,94,Sala Gran,701191,1997-11-11T00:00:00,4583450.626835787,Teatre Nacional de Catalunya,2021-03-03T22:15:44.765424,65103002001000,"Planol BCN >> Cultura i lleure >> Cinemes, teatres, auditoris >> Teatres",,199634,el Fort Pienc,True,20001
97,,,Tel.,la Rambla,Telèfons,8002,55732068,933177599,BARCELONA,2.1707408640195456,41.38417592716741,Teatres,651,Ciutat Vella,430664.2489823396,115,﻿97239174457,,True,1,,,1,95,Teatre Poliorama,34308,1997-08-27T00:00:00,4581737.388286805,,2021-03-03T22:14:54.530777,65103002001000,"Planol BCN >> Cultura i lleure >> Cinemes, teatres, auditoris >> Teatres",,198185,el Raval,True,20001
98,,,Centraleta,Plaça de Salvador Seguí,Telèfons,8001,55732069,935 671 070,Barcelona,2.171026973674133,41.378633698248855,Cinemes,651,Ciutat Vella,430682.2859338155,1,﻿92086011802,,True,1,,,1,96,Filmoteca de Catalunya,294659,1987-06-16T00:00:00,4581121.870297954,,2021-09-01T13:22:35.764947,65103002001001,"Planol BCN >> Cultura i lleure >> Cinemes, teatres, auditoris >> Cinemes",,163294,el Raval,True,20003
99,,,Centraleta,C Canuda,Telèfons,8002,55732068,933436121,BARCELONA,2.171664472093875,41.38468020422838,Teatres,651,Ciutat Vella,430742.00921502005,6,﻿92086000770,92086000762,True,1,,,2,97,Teatre,61402,1986-04-28T00:00:00,4581792.633763606,Ateneu Barcelonès,2021-03-03T22:15:33.960269,65103002001000,"Planol BCN >> Cultura i lleure >> Cinemes, teatres, auditoris >> Teatres",,160310,el Barri Gòtic,True,20003
100,,,Tel.,C Pere Pau,Telèfons,8032,55732068,933573040,BARCELONA,2.1602384620653163,41.43016210504191,Teatres,651,Horta-Guinardó,429835.6119719114,8,﻿92086010780,92086010773,True,7,,,43,98,Teatre,252706,1986-04-23T00:00:00,4586851.178249296,Ateneu Hortenc,2018-07-26T14:31:12,65103002001000,"Planol BCN >> Cultura i lleure >> Cinemes, teatres, auditoris >> Teatres",,163540,Horta,True,20001
101,,,Tel.,Passeig Olímpic,Telèfons,8038,55732070,934262089,Barcelona,2.1523962021929672,41.362000114137196,Auditoris,651,Sants-Montjuïc,429106.33264333307,5,﻿98168154622,92168175198,True,3,,,11,99,Sala Barcelona 92 - Sala Sant Jordi Club,234001,1998-06-17T00:00:00,4579290.307853774,Palau Sant Jordi,2021-10-28T10:30:07.563593,65103002001002,"Planol BCN >> Cultura i lleure >> Cinemes, teatres, auditoris >> Auditoris",,200598,el Poble-sec,True,20001
102,,,Tel.,Passeig Olímpic,Telèfons,8038,57732077,934262089,Barcelona,2.1523962021929672,41.362000114137196,Altres esports,651,Sants-Montjuïc,429106.33264333307,5,﻿98168154622,92168175198,True,3,,,11,100,Sala Barcelona 92 - Sala Sant Jordi Club,234001,1998-06-17T00:00:00,4579290.307853774,Palau Sant Jordi,2021-10-28T10:30:07.563593,65103004001009,Planol BCN >> Esports >> Esports individuals >> Altres esports,,200598,el Poble-sec,True,20001
103,,,Tel.,Passeig Olímpic,Telèfons,8038,57345754,934262089,Barcelona,2.1523962021929672,41.362000114137196,Instal·lacions esportives,651,Sants-Montjuïc,429106.33264333307,5,﻿98168154622,92168175198,True,3,,,11,101,Sala Barcelona 92 - Sala Sant Jordi Club,234001,1998-06-17T00:00:00,4579290.307853774,Palau Sant Jordi,2021-10-28T10:30:07.563593,65102004002,Planol BCN >> Esports >> Instal·lacions esportives,,200598,el Poble-sec,True,20001
104,,,Tel.,Carrer de Floridablanca,Telèfons,8011,55732069,932289393,Barcelona,2.162573907772066,41.3817111645999,Cinemes,651,Eixample,429978.74570204184,135,﻿2086161222,,True,2,,,10,102,Cinemes Renoir *Floridablanca,127704,2002-03-27T00:00:00,4581470.320751955,,2021-07-19T14:13:12.220994,65103002001001,"Planol BCN >> Cultura i lleure >> Cinemes, teatres, auditoris >> Cinemes",,134717,Sant Antoni,True,20001
105,,,Tel.,Rbla Poblenou,Telèfons,8005,55732068,932252814,BARCELONA,2.2032500535613875,41.39973479613865,Teatres,651,Sant Martí,433398.3030662013,42,﻿92086011045,92086011041,True,10,,,68,103,Teatre,346800,1988-04-15T00:00:00,4583439.209232434,Casino de l'Aliança del Poblenou,2018-07-26T14:31:12,65103002001000,"Planol BCN >> Cultura i lleure >> Cinemes, teatres, auditoris >> Teatres",,163655,el Poblenou,True,20001
106,,,Tel.,C Portlligat,Telèfons,8042,55732069,933509475,BARCELONA,2.1789659850098335,41.44963594619758,Cinemes,651,Nou Barris,431420.8671477453,11,﻿92086012748,92086012749,True,8,,,53,104,Sala de Cinema,263509,1988-06-28T00:00:00,4588998.1456615925,Fàbrica de Creació Ateneu Popular 9 Barris,2021-03-03T22:15:41.131025,65103002001001,"Planol BCN >> Cultura i lleure >> Cinemes, teatres, auditoris >> Cinemes",,164986,la Trinitat Nova,True,20001
107,,,,C Guàrdia Urbana,,8004,55732068,,BARCELONA,2.154448020157316,41.371401475909856,Teatres,651,Sants-Montjuïc,429288.12865560735,7,﻿92086000139,,True,3,,,11,105,Palau d'Esports **Tancat,332601,1989-10-09T00:00:00,4580332.353716501,,2022-04-01T14:13:59.279158,65103002001000,"Planol BCN >> Cultura i lleure >> Cinemes, teatres, auditoris >> Teatres",,,el Poble-sec,,
108,,,Centraleta,C Rector Triadó,Telèfons,8014,55732068,934230440,BARCELONA,2.1432204641619137,41.37785911107033,Teatres,651,Sants-Montjuïc,428356.2675638704,53,﻿92086002473,92086002472,True,3,,,15,106,Teatre,246703,1988-04-15T00:00:00,4581058.489431647,Centre Cívic Casinet d'Hostafrancs,2020-12-15T12:54:26,65103002001000,"Planol BCN >> Cultura i lleure >> Cinemes, teatres, auditoris >> Teatres",,160178,Hostafrancs,True,20003
109,,,Tel.,Carrer del Foc,Telèfons,8038,55732070,934224300,Barcelona,2.1443205163413563,41.35829397580574,Auditoris,651,Sants-Montjuïc,428426.81434032274,128,﻿92086026021,,True,3,,,13,107,Espai Jove La Bàscula,135203,1988-03-08T00:00:00,4578885.494664323,,2022-07-08T10:54:39.795855,65103002001002,"Planol BCN >> Cultura i lleure >> Cinemes, teatres, auditoris >> Auditoris",,166385,la Marina de Port,True,20001
110,,,Tel.,Carrer del Foc,Telèfons,8038,55733071,934224300,Barcelona,2.1443205163413563,41.35829397580574,Casals i espais per a joves,651,Sants-Montjuïc,428426.81434032274,128,﻿92086026021,,True,3,,,13,108,Espai Jove La Bàscula,135203,1988-03-08T00:00:00,4578885.494664323,,2022-07-08T10:54:39.795855,65103002002003,Planol BCN >> Cultura i lleure >> Espais de participació ciutadana >> Casals i espais per a joves,,166385,la Marina de Port,True,20001
111,,,Tel.,Carrer de Verdi,Telèfons,8012,55732069,932387990,Barcelona,2.1572305541553853,41.40419449687223,Cinemes,651,Gràcia,429556.2362863469,32,﻿75990131879,,True,6,,,31,109,Cinemes Verdi,356803,1996-09-18T00:00:00,4583970.720270059,,2021-07-19T14:14:57.550813,65103002001001,"Planol BCN >> Cultura i lleure >> Cinemes, teatres, auditoris >> Cinemes",,143603,la Vila de Gràcia,True,20001
112,,,Tel.,Av Diagonal,Telèfons,8028,55732070,934021431,BARCELONA,2.1197872902346204,41.38608342219002,Auditoris,651,Les Corts,426406.0443226207,643,﻿92086002091,92086002081,True,4,,,20,110,Auditòrium,144601,1986-04-28T00:00:00,4581991.175910068,Facultat de Biologia - UB,2018-07-26T15:59:18,65103002001002,"Planol BCN >> Cultura i lleure >> Cinemes, teatres, auditoris >> Auditoris",,160115,la Maternitat i Sant Ramon,True,20001
113,,,Secretaria,Pl Angeleta Ferrer,Telèfons,8020,55732070,932565760,BARCELONA,2.1991348465828184,41.416235289112166,Auditoris,651,Sant Martí,433071.23987924616,2,﻿99400364152,,True,10,,,72,111,Auditori Sant Martí,279509,2014-11-24T10:27:41,4585274.24527386,,2021-03-03T22:15:07.009360,65103002001002,"Planol BCN >> Cultura i lleure >> Cinemes, teatres, auditoris >> Auditoris",Centre Cívic Sant Martí,226623,Sant Martí de Provençals,True,20008
114,,,Secretaria,Pl Angeleta Ferrer,Telèfons,8020,66731068,932565760,BARCELONA,2.1991348465828184,41.416235289112166,WiFi BCN,651,Sant Martí,433071.23987924616,2,﻿99400364152,,True,10,,,72,112,Auditori Sant Martí,279509,2014-11-24T10:27:41,4585274.24527386,,2021-03-03T22:15:07.009360,65103013000000,Planol BCN >> Internet >> Punts d'accés a Internet >> WiFi BCN,Centre Cívic Sant Martí,226623,Sant Martí de Provençals,True,20008
115,,,Tel.,C Balmes,Telèfons,8006,55732068,932178612,BARCELONA,2.151879446575917,41.39783092924086,Teatres,651,Sarrià-Sant Gervasi,429102.0378467102,208,﻿93196143039,92168164999,True,5,,,26,113,Teatre,32700,1993-07-15T00:00:00,4583268.610023099,Centre Educatiu Escola Pia Balmes,2020-02-17T15:59:33,65103002001000,"Planol BCN >> Cultura i lleure >> Cinemes, teatres, auditoris >> Teatres",,174904,Sant Gervasi - Galvany,True,20001
116,,,Tel.,C Sant Sebastià,Telèfons,8030,55732068,933112161,BARCELONA,2.1918794854045887,41.42862398273701,Teatres,651,Sant Andreu,432477.73536585545,55,﻿93201200711,92168165393,True,9,,,60,114,Teatre,310904,1993-07-20T00:00:00,4586655.258695906,"Centre Educatiu Jesús, Maria i Josep",2018-07-26T14:31:12,65103002001000,"Planol BCN >> Cultura i lleure >> Cinemes, teatres, auditoris >> Teatres",,174767,Sant Andreu,True,20001
117,,,Tel.,C Guadiana,Telèfons,8014,55732068,934216740,BARCELONA,2.1391896866093876,41.374274316849075,Teatres,651,Sants-Montjuïc,428015.2589640899,22,﻿92086015480,,True,3,,,18,115,Cooperativa Nova Obrera,151200,1986-04-24T00:00:00,4580663.851211499,,2018-07-26T14:31:12,65103002001000,"Planol BCN >> Cultura i lleure >> Cinemes, teatres, auditoris >> Teatres",,164328,Sants,True,20001
118,,,Taquilles,C Hospital,Telèfons,8001,55732068,933015504,BARCELONA,2.1710825823110196,41.380585019147226,Teatres,651,Ciutat Vella,430689.00782383303,51,﻿75990066470,,True,1,,,1,116,Teatre Romea,157909,1996-09-18T00:00:00,4581338.458185308,,2021-03-03T22:14:16.818517,65103002001000,"Planol BCN >> Cultura i lleure >> Cinemes, teatres, auditoris >> Teatres",,139649,el Raval,True,20038
119,,,Tel.,Casp,Telèfons,8010,55732068,902332211,BARCELONA,2.17073857309556,41.38908407393223,Teatres,651,Eixample,430669.2718212283,8,﻿92168152612,,True,2,,,7,117,Teatre Tívoli,71600,1984-05-30T00:00:00,4582282.284970594,,2021-05-06T09:41:56.707441,65103002001000,"Planol BCN >> Cultura i lleure >> Cinemes, teatres, auditoris >> Teatres",,170984,la Dreta de l'Eixample,True,20001
120,,,Tel.,Av Paral.lel,Telèfons,8004,55732068,933249742,BARCELONA,2.1692623460105396,41.37480962722934,Teatres,651,Sants-Montjuïc,430530.6594955113,65,﻿92086014636,,True,3,,,11,118,Teatre Victòria,198804,1985-10-30T00:00:00,4580698.741397217,,2021-03-03T22:15:38.227654,65103002001000,"Planol BCN >> Cultura i lleure >> Cinemes, teatres, auditoris >> Teatres",,164617,el Poble-sec,True,20001
121,,,Tel.,Pl Sant Jaume,Telèfons,8002,55732070,934024600,BARCELONA,2.17681821745256,41.38283778118398,Auditoris,651,Ciutat Vella,431170.9800875251,4,﻿93280123622,92086008847,True,1,,,2,119,Auditòrium,303705,1993-10-07T00:00:00,4581583.984887459,Edifici Palau de la Generalitat,2021-03-12T12:04:06.716617,65103002001002,"Planol BCN >> Cultura i lleure >> Cinemes, teatres, auditoris >> Auditoris",,174939,el Barri Gòtic,True,20001
122,,,Tel.,C Coroleu,Telèfons,8030,55732068,936676217,BARCELONA,2.188165402398198,41.43277351042538,Teatres,651,Sant Andreu,432171.7232429262,15,﻿92086010382,92086010375,True,9,,,60,121,Somni'ts (Teatre Solidari),91403,1986-04-22T00:00:00,4587118.8391177105,Societat Cultural i Esportiva La Lira,2021-03-03T22:15:33.869333,65103002001000,"Planol BCN >> Cultura i lleure >> Cinemes, teatres, auditoris >> Teatres",,163590,Sant Andreu,True,20001
123,,,Tel.,C Sant Quintí,Telèfons,8041,55732068,934368903,BARCELONA,2.178347549173804,41.41345076947863,Teatres,651,Sant Martí,431331.08583773795,32,﻿92086004631,92086004627,True,10,,,64,122,Teatre,310008,1986-04-23T00:00:00,4584981.383780202,Institut Moisès Broggi,2018-07-26T14:31:11,65103002001000,"Planol BCN >> Cultura i lleure >> Cinemes, teatres, auditoris >> Teatres",,160594,el Camp de l'Arpa del Clot,True,20001
124,,,,C Constitució,,8014,55732068,,BARCELONA,2.1377953451607983,41.36980570082708,Teatres,651,Sants-Montjuïc,427893.722252083,17,﻿1179141110,92086002304,True,3,,,16,123,Teatre,89707,2001-06-28T00:00:00,4580168.912017653,Parròquia de Sant Medir,2019-08-21T11:22:46,65103002001000,"Planol BCN >> Cultura i lleure >> Cinemes, teatres, auditoris >> Teatres",,,la Bordeta,,
125,,,Tel.,C Baldiri Reixac,Telèfons,8028,55732070,934037171,BARCELONA,2.1167473290451104,41.38181496935082,Auditoris,651,Les Corts,426147.0429437147,4,﻿81155758,98181142011,True,4,,,20,124,Auditori,32051,2000-03-21T00:00:00,4581519.884452854,Parc Científic de Barcelona,2021-03-03T22:14:06.595715,65103002001002,"Planol BCN >> Cultura i lleure >> Cinemes, teatres, auditoris >> Auditoris",,129385,la Maternitat i Sant Ramon,True,20001
126,,,Tel.,C Pere IV,Telèfons,8005,55732068,932845312,BARCELONA,2.1994525793477644,41.404734146792556,Teatres,651,Sant Martí,433085.99198985985,228,﻿92168176499,,True,10,,,68,125,Sala Beckett - Obrador Internacional de Dramatúrgia,249304,1988-04-28T00:00:00,4583997.156729,,2021-05-19T12:36:08.973411,65103002001000,"Planol BCN >> Cultura i lleure >> Cinemes, teatres, auditoris >> Teatres",,172908,el Poblenou,True,20001
127,,,,Carrer de Santa Fe de Nou Mèxic,,8017,55732069,,Barcelona,2.1373766143053032,41.39430009944099,Cinemes,651,Sarrià-Sant Gervasi,427885.7707464524,18,﻿99180125327,,True,5,,,26,126,Cinesa Diagonal *C. Lúdic Diagonal,315806,1999-06-29T00:00:00,4582888.591472976,,2021-07-20T10:46:06.208930,65103002001001,"Planol BCN >> Cultura i lleure >> Cinemes, teatres, auditoris >> Cinemes",,,Sant Gervasi - Galvany,,
128,,,Tel.,C Sants,Telèfons,8014,55732070,932918701,BARCELONA,2.136897693555585,41.37529848802473,Auditoris,651,Sants-Montjuïc,427824.72279217,79,﻿99400027415,92086002380,True,3,,,18,127,Auditori,312400,2002-11-19T18:16:06,4580779.459042303,Centre Cívic Cotxeres de Sants,2021-03-26T01:08:23.190839,65103002001002,"Planol BCN >> Cultura i lleure >> Cinemes, teatres, auditoris >> Auditoris",,205772,Sants,True,20001
129,,,Tel.,C Dolors Masferrer i Bosch,Telèfons,8028,55732070,932916462,BARCELONA,2.1283416789870517,41.38481868130681,Auditoris,651,Les Corts,427119.86541584134,33,﻿99026100242,99026095631,True,4,,,19,129,Auditori Maria Dolors Camprubí,202708,1999-01-26T00:00:00,4581843.53650543,Centre Cívic Tomasa Cuevas - Les Corts,2022-07-15T13:48:44.638497,65103002001002,"Planol BCN >> Cultura i lleure >> Cinemes, teatres, auditoris >> Auditoris",,201920,les Corts,True,20001
130,,,Tel.,Pl Margarida Xirgu,Telèfons,8004,55732068,932273900,BARCELONA,2.1574493260272294,41.37067944906853,Teatres,651,Sants-Montjuïc,429538.34523939574,1,﻿299170336,92086011642,True,3,,,11,130,Teatre Estudi,700685,2000-10-25T00:00:00,4580249.751575231,Institut del Teatre,2021-03-03T22:14:22.952080,65103002001000,"Planol BCN >> Cultura i lleure >> Cinemes, teatres, auditoris >> Teatres",,130992,el Poble-sec,True,20001
131,,,Tel.,C Neopàtria,Telèfons,8030,55732068,933457930,BARCELONA,2.1889212140974257,41.43061427405158,Teatres,651,Sant Andreu,432232.62570019334,54,﻿75990212279,,True,9,,,60,131,Sant Andreu Teatre,227301,1996-09-18T00:00:00,4586878.530471328,,2021-03-03T22:14:36.896017,65103002001000,"Planol BCN >> Cultura i lleure >> Cinemes, teatres, auditoris >> Teatres",,147472,Sant Andreu,True,20001
132,,,Tel.,C Terol,Telèfons,8012,55732068,932853712,BARCELONA,2.1585803536335804,41.403283379264984,Teatres,651,Gràcia,429668.07922117866,26,﻿99202125502,75990176320,True,6,,,31,132,Sala Cafè Teatre,334902,1999-07-21T00:00:00,4583868.472290509,Teatreneu Multisales,2021-03-03T22:15:48.228358,65103002001000,"Planol BCN >> Cultura i lleure >> Cinemes, teatres, auditoris >> Teatres",,203195,la Vila de Gràcia,True,20001
133,,,Tel.,Pl Tibidabo,Telèfons,8035,55732069,932117942,BARCELONA,2.1197957867323467,41.42179367685009,Cinemes,651,Sarrià-Sant Gervasi,426447.0380577354,3,﻿99400187001,75990123317,True,5,,,22,133,Cinema Dididado,335701,2007-07-09T00:00:00,4585955.684256196,Parc d'Atraccions del Tibidabo,2021-10-07T14:42:08.646097,65103002001001,"Planol BCN >> Cultura i lleure >> Cinemes, teatres, auditoris >> Cinemes",,217983,"Vallvidrera, el Tibidabo i les Planes",True,20001
134,,,Reserves,C Perla,Telèfons,8012,55732068,607780402,BARCELONA,2.1571399134598694,41.403470980554445,Teatres,651,Gràcia,429547.878384341,11,﻿99400203275,,True,6,,,31,134,Espai Escènic Ruqueria Querubí,253505,2008-04-01T14:03:31,4583890.470050953,,2021-03-03T22:16:11.382506,65103002001000,"Planol BCN >> Cultura i lleure >> Cinemes, teatres, auditoris >> Teatres",(sms),220264,la Vila de Gràcia,True,20040
135,,,Tel.,Pl Margarida Xirgu,Telèfons,8004,55732068,934261875,BARCELONA,2.1574493260272294,41.37067944906853,Teatres,651,Sants-Montjuïc,429538.34523939574,1,﻿99400073713,92086015078,True,3,,,11,136,Sala Ovidi Montllor,700685,2004-02-17T08:54:00,4580249.751575231,Mercat de les Flors Centre de les Arts de Moviment,2021-03-03T22:16:01.781908,65103002001000,"Planol BCN >> Cultura i lleure >> Cinemes, teatres, auditoris >> Teatres",,209023,el Poble-sec,True,20001
136,,,Tel.,C Buenos Aires,Telèfons,8036,55732068,934951447,BARCELONA,2.1472913612464932,41.39273206412949,Teatres,651,Eixample,428712.9257467871,47,﻿99400242299,,True,2,,,8,137,Teatre Akadèmia,51205,2010-03-01T16:48:47,4582706.30542672,,2021-03-03T22:16:21.211306,65103002001000,"Planol BCN >> Cultura i lleure >> Cinemes, teatres, auditoris >> Teatres",,222568,l'Antiga Esquerra de l'Eixample,True,20001
137,,,Tel.,C Viladomat,Telèfons,8015,55732068,933248350,BARCELONA,2.1629492741123486,41.37559704664014,Teatres,651,Eixample,430003.5766019254,2,﻿99400038445,2011131453,True,2,,,10,138,Espai Escènic Tísner,361406,2003-04-29T10:24:38,4580791.238385528,Centre Cívic Cotxeres Borrell,2021-03-03T22:16:00.985963,65103002001000,"Planol BCN >> Cultura i lleure >> Cinemes, teatres, auditoris >> Teatres",,207739,Sant Antoni,True,20001
138,,,Taquilles,Rambla de Prat,Telèfons,8012,55732069,932172642,Barcelona,2.151721868976122,41.40139721074221,Cinemes,651,Gràcia,429092.7418535916,16,﻿92086003023,,True,6,,,31,139,Bosque Multicines,265708,1984-05-30T00:00:00,4583664.663158111,,2021-10-22T11:14:05.086304,65103002001001,"Planol BCN >> Cultura i lleure >> Cinemes, teatres, auditoris >> Cinemes",,160340,la Vila de Gràcia,True,20038
139,,,Tel.,C Bruc,Telèfons,8009,55732070,934584302,BARCELONA,2.1680371208078073,41.39590030798757,Auditoris,651,Eixample,430450.6797890641,110,﻿92086009592,92086009589,True,2,,,7,140,Auditori Eduard Toldrà,49509,1986-04-25T00:00:00,4583041.1785217095,Conservatori Municipal de Música de Barcelona,2020-10-14T11:15:12,65103002001002,"Planol BCN >> Cultura i lleure >> Cinemes, teatres, auditoris >> Auditoris",,161698,la Dreta de l'Eixample,True,20001
140,,,Tel.,C Torre d'en Damians,Telèfons,8014,55732068,934317555,BARCELONA,2.1446347117779267,41.375634537862396,Teatres,651,Sants-Montjuïc,428472.0904904351,6,﻿92086010464,92168151184,True,3,,,15,141,Teatre,339509,1986-04-23T00:00:00,4580810.352878333,Ateneu Montserrat,2018-07-26T14:31:12,65103002001000,"Planol BCN >> Cultura i lleure >> Cinemes, teatres, auditoris >> Teatres",,163757,Hostafrancs,True,20001
141,,,Tel.,C Alfons XII,Telèfons,8006,55732068,932096544,BARCELONA,2.1463639281109597,41.40121244655729,Teatres,651,Sarrià-Sant Gervasi,428644.66721036955,95,﻿93132124245,92168166237,True,5,,,26,142,Teatre,8501,1993-05-12T00:00:00,4583648.550221019,Escuela Suiza,2018-07-26T14:31:12,65103002001000,"Planol BCN >> Cultura i lleure >> Cinemes, teatres, auditoris >> Teatres",,173322,Sant Gervasi - Galvany,True,20001
142,,,Tel.,C Immaculada,Telèfons,8017,55732068,932120908,BARCELONA,2.124410250419051,41.40676677858444,Teatres,651,Sarrià-Sant Gervasi,426815.77684126096,25,﻿92086006074,92168165009,True,5,,,25,143,Teatre,162400,1990-06-08T00:00:00,4584283.501637959,Escola Pia de Sarrià-Calassanç,2018-07-26T14:31:11,65103002001000,"Planol BCN >> Cultura i lleure >> Cinemes, teatres, auditoris >> Teatres",,162315,Sant Gervasi - la Bonanova,True,20001
143,,,Tel.,C Sant Pere Més Alt,Telèfons,8003,55732068,932682509,BARCELONA,2.176303011356484,41.38818419067763,Teatres,651,Ciutat Vella,431133.5433299103,25,﻿92086001479,,True,1,,,4,144,Teatre Centre Sant Pere Apóstol,12407,1985-01-31T00:00:00,4582177.944083593,,2021-03-03T22:15:31.678687,65103002001000,"Planol BCN >> Cultura i lleure >> Cinemes, teatres, auditoris >> Teatres",,160554,"Sant Pere, Santa Caterina i la Ribera",True,20001
144,,,,C Pallars,,8018,55732069,,BARCELONA,2.190118418633627,41.395244449773394,Cinemes,651,Sant Martí,432295.9378756291,100,﻿99400111137,,True,10,,,66,145,Lola Underspace,242906,2005-05-19T14:19:03,4582950.875777122,,2008-02-26T13:29:57,65103002001001,"Planol BCN >> Cultura i lleure >> Cinemes, teatres, auditoris >> Cinemes",,,el Parc i la Llacuna del Poblenou,,
145,,,Tel.,C Santa Magdalena,Telèfons,8012,55732068,934150370,BARCELONA,2.1529796411174784,41.403736428889495,Teatres,651,Gràcia,429200.4187530185,12,﻿92086010327,92086010320,True,6,,,31,146,Teatre,317007,1986-04-22T00:00:00,4583923.331657912,Cercle Catòlic de Gràcia,2021-03-03T22:15:33.835304,65103002001000,"Planol BCN >> Cultura i lleure >> Cinemes, teatres, auditoris >> Teatres",,163939,la Vila de Gràcia,True,20001
146,,,Tel.,C Sant Antoni Maria Claret,Telèfons,8025,55732068,936035161,BARCELONA,2.169520254468011,41.40746054572432,Teatres,651,Eixample,430586.9692002,120,﻿99400347711,99400187243,True,2,,,6,147,"Sala Gran ""La Claca""",297001,2014-07-16T00:00:00,4584323.39204397,Teatre Gaudí de Barcelona,2021-03-03T22:14:58.394454,65103002001000,"Planol BCN >> Cultura i lleure >> Cinemes, teatres, auditoris >> Teatres",,226223,la Sagrada Família,True,20001
147,,,Tel.,C Sant Antoni Maria Claret,Telèfons,8025,55732068,936035161,BARCELONA,2.169520254468011,41.40746054572432,Teatres,651,Eixample,430586.9692002,120,﻿99400347712,99400187243,True,2,,,6,148,"Sala Gran ""Teresa Calafell""",297001,2014-07-16T00:00:00,4584323.39204397,Teatre Gaudí de Barcelona,2021-03-03T22:15:20.261266,65103002001000,"Planol BCN >> Cultura i lleure >> Cinemes, teatres, auditoris >> Teatres",,226280,la Sagrada Família,True,20001
148,,,,C Abaixadors,,8003,55732068,,BARCELONA,2.1812079409287026,41.38313766764445,Teatres,651,Ciutat Vella,431538.33751000994,10,﻿99400307522,,True,1,,,4,149,Atelier Barcelona,703,2012-12-20T16:18:42,4581613.800671061,,2021-03-03T22:14:09.791083,65103002001000,"Planol BCN >> Cultura i lleure >> Cinemes, teatres, auditoris >> Teatres",,,"Sant Pere, Santa Caterina i la Ribera",,
149,,,Tel.,Carrer de Béjar,Telèfons,8014,55732069,935 461 411,Barcelona,2.145083420619182,41.3773796666311,Cinemes,651,Sants-Montjuïc,428511.52406588226,53,﻿99400589817,,True,3,,,15,150,Zumzeig Cinecooperativa,37601,2018-04-18T15:49:44,4581003.723999088,,2022-05-30T14:19:20.330423,65103002001001,"Planol BCN >> Cultura i lleure >> Cinemes, teatres, auditoris >> Cinemes",,456075,Hostafrancs,False,20001
150,,,Tel.,Castillejos,Telèfons,8013,55732068,647488853,BARCELONA,2.1839238672103107,41.40211144380622,Teatres,651,Eixample,431785.2656828075,179,﻿75990429331,,True,2,,,5,151,Sala Versus Glòries,73900,1997-03-01T00:00:00,4583718.099190746,,2021-03-03T22:14:55.388970,65103002001000,"Planol BCN >> Cultura i lleure >> Cinemes, teatres, auditoris >> Teatres",,153076,el Fort Pienc,True,20001
151,,,Taquilles,C Sant Antoni Abat,Telèfons,8001,55732068,934433999,BARCELONA,2.1652328279668542,41.37940473936599,Teatres,651,Ciutat Vella,430198.6066180643,12,﻿92168176523,,True,1,,,1,152,Teatre del  Raval,296600,1991-12-17T00:00:00,4581212.120317519,,2021-09-02T09:38:59.062714,65103002001000,"Planol BCN >> Cultura i lleure >> Cinemes, teatres, auditoris >> Teatres",,173993,el Raval,True,20038
152,,,Tel.,C Roc Boronat,Telèfons,8018,55732070,935422273,BARCELONA,2.1933428895948404,41.403836103080145,Auditoris,651,Sant Martí,432574.3789791466,138,﻿99400235850,99400213357,True,10,,,66,153,Auditori,181608,2009-11-11T00:00:00,4583902.194553516,Facultat de Comunicació *Campus de la Comunicació-Poblenou - UPF,2021-03-03T22:16:15.605084,65103002001002,"Planol BCN >> Cultura i lleure >> Cinemes, teatres, auditoris >> Auditoris",,222971,el Parc i la Llacuna del Poblenou,True,20001
153,,,Tel.,C Riereta,Telèfons,8001,55732068,933299009,BARCELONA,2.1674667881221525,41.37886994865843,Teatres,651,Ciutat Vella,430384.83681999525,7,﻿75990107722,,True,1,,,1,154,Teatre El Llantiol,282605,1996-09-18T00:00:00,4581150.951952968,,2021-05-26T09:16:34.808168,65103002001000,"Planol BCN >> Cultura i lleure >> Cinemes, teatres, auditoris >> Teatres",,142878,el Raval,True,20001
154,,,Tel.,C Torrent d'en Vidalet,Telèfons,8012,55732068,932171770,BARCELONA,2.1595773944945718,41.403836316539575,Teatres,651,Gràcia,429752.01539308345,21,﻿99400154737,,True,6,,,31,155,La Perla 29,341103,2006-02-27T12:58:57,4583929.049717169,,2021-03-03T22:16:06.955327,65103002001000,"Planol BCN >> Cultura i lleure >> Cinemes, teatres, auditoris >> Teatres",,214514,la Vila de Gràcia,True,20001
155,,,Tel.,C Pare Miquel de Sarrià,Telèfons,8034,55732068,932039772,BARCELONA,2.1206338086828325,41.40014634623962,Teatres,651,Sarrià-Sant Gervasi,426492.667139703,8,﻿99400239026,99400327576,True,5,,,23,156,Teatre de Sarriá,37102,2010-01-12T00:00:00,4583551.705704651,Centre Parroquial Sant Vicenç de Sarrià,2021-03-03T22:16:21.990193,65103002001000,"Planol BCN >> Cultura i lleure >> Cinemes, teatres, auditoris >> Teatres",,222797,Sarrià,True,20001
156,,,Tel.,C Provença,Telèfons,8026,55732068,934557095,BARCELONA,2.182460746363005,41.41045029224206,Teatres,651,Sant Martí,431671.7015979864,591,﻿92086004613,92086004618,True,10,,,64,157,Teatre,268003,1986-04-23T00:00:00,4584645.021128676,Foment Martinenc,2018-07-26T14:31:11,65103002001000,"Planol BCN >> Cultura i lleure >> Cinemes, teatres, auditoris >> Teatres",,160590,el Camp de l'Arpa del Clot,True,20001
157,,,Tel.,C Pi,Telèfons,8002,55732068,931647778,BARCELONA,2.1739331803151103,41.38316871916783,Teatres,651,Ciutat Vella,430930.1004213395,5,﻿99400226970,,True,1,,,2,158,Teatre El Maldà,256004,2009-06-05T00:00:00,4581623.020457367,,2021-03-05T06:31:48.066501,65103002001000,"Planol BCN >> Cultura i lleure >> Cinemes, teatres, auditoris >> Teatres",,221728,el Barri Gòtic,True,20001
158,,,Tel.,C Antoni de Capmany,Telèfons,8014,55732068,933325037,BARCELONA,2.134881704408589,41.37440012502334,Teatres,651,Sants-Montjuïc,427655.14246229664,72,﻿99400644095,92086010334,True,3,,,18,159,Sants Teatre,17706,2019-12-13T00:00:00,4580681.404963253,Centre Catòlic de Sants,2020-11-04T12:42:38,65103002001000,"Planol BCN >> Cultura i lleure >> Cinemes, teatres, auditoris >> Teatres",,233550,Sants,True,20001
159,,,Centraleta,C Ramon Batlle,Telèfons,8030,55732068,933465703,BARCELONA,2.1896711822825803,41.431748352606995,Teatres,651,Sant Andreu,432296.46605534316,2,﻿92086010369,92086010361,True,9,,,60,160,Teatre,274709,1986-04-22T00:00:00,4587003.848263067,Centre Cultural  Els Catalanistes,2018-07-26T14:31:12,65103002001000,"Planol BCN >> Cultura i lleure >> Cinemes, teatres, auditoris >> Teatres",,163781,Sant Andreu,True,20003
160,,,Tel.,Terol,Telèfons,8012,55732068,932853712,BARCELONA,2.1585803536335804,41.403283379264984,Teatres,651,Gràcia,429668.07922117866,26,﻿99400175200,75990176320,True,6,,,31,161,Sala del Mig,334902,2007-01-08T15:03:02,4583868.472290509,Teatreneu Multisales,2021-03-03T22:16:13.714969,65103002001000,"Planol BCN >> Cultura i lleure >> Cinemes, teatres, auditoris >> Teatres",,217220,la Vila de Gràcia,True,20001
161,,,Tel.,C Verdaguer i Callís,Telèfons,8003,55732068,933152354,BARCELONA,2.1759098220293027,41.38716868861964,Teatres,651,Ciutat Vella,431099.59768289205,12,﻿99400164748,99400001392,True,1,,,4,162,Teatre,249905,2006-07-12T10:28:00,4582065.517173731,Antic Teatre - Espai de Creació,2021-03-03T22:16:07.965883,65103002001000,"Planol BCN >> Cultura i lleure >> Cinemes, teatres, auditoris >> Teatres",,216609,"Sant Pere, Santa Caterina i la Ribera",True,20001
162,,,Tel.,Rbla Badal,Telèfons,8014,55732068,933322930,BARCELONA,2.1319459303712893,41.37105397510644,Teatres,651,Sants-Montjuïc,427405.91796552617,113,﻿99400108472,92168164665,True,3,,,16,163,Teatre,30602,2005-04-11T16:45:00,4580312.375512532,Escola Cavall Bernat,2018-07-26T14:31:14,65103002001000,"Planol BCN >> Cultura i lleure >> Cinemes, teatres, auditoris >> Teatres",,212277,la Bordeta,True,20001
163,,,Tel.,Villarroel,Telèfons,8011,55732068,934511234,BARCELONA,2.157517255862469,41.38454651248055,Teatres,651,Eixample,429558.9907162482,87,﻿75990133975,,True,2,,,8,164,Villarroel Teatre,363809,1996-09-18T00:00:00,4581789.194552751,,2021-03-03T22:14:26.587267,65103002001000,"Planol BCN >> Cultura i lleure >> Cinemes, teatres, auditoris >> Teatres",,145744,l'Antiga Esquerra de l'Eixample,True,20001
164,,,Tel.,C Allada-Vermell,Telèfons,8003,55732068,639305353,BARCELONA,2.1812791032592433,41.38681089031639,Teatres,651,Ciutat Vella,431548.1403317513,15,﻿99400142206,,True,1,,,4,165,La Puntual. Putxinel.lis de Barcelona,12906,2005-09-20T13:44:00,4582021.539693977,,2021-03-03T22:16:08.474362,65103002001000,"Planol BCN >> Cultura i lleure >> Cinemes, teatres, auditoris >> Teatres",,214276,"Sant Pere, Santa Caterina i la Ribera",True,20001
165,,,Tel.,Pg Santa Madrona,Telèfons,8038,55732068,932892770,BARCELONA,2.157271883570921,41.370538264069474,Teatres,651,Sants-Montjuïc,429523.35338845866,40,﻿1331135946,75990089577,True,3,,,11,166,Sala Fabià Puigserver,316809,2001-11-27T00:00:00,4580234.221723731,Teatre Lliure,2021-03-26T09:53:44.969257,65103002001000,"Planol BCN >> Cultura i lleure >> Cinemes, teatres, auditoris >> Teatres",,133191,el Poble-sec,True,20001
166,,,Tel.,Carrer d'Aribau,Telèfons,8011,55732069,934545108,Barcelona,2.162386490692724,41.38598594968613,Cinemes,651,Eixample,429967.661710985,5,﻿75990017485,,True,2,,,8,167,Aribau Multicines,23403,1996-09-17T00:00:00,4581945.052116691,,2021-07-19T14:06:18.221225,65103002001001,"Planol BCN >> Cultura i lleure >> Cinemes, teatres, auditoris >> Cinemes",,135176,l'Antiga Esquerra de l'Eixample,True,20001
167,,,Tel.,C Carders,Telèfons,8003,55732068,932681321,BARCELONA,2.1802665555913836,41.38611764845972,Teatres,651,Ciutat Vella,431462.7541772793,12,﻿99400164747,99400504551,True,1,,,4,168,Teatre de la Bona Sort,65607,2006-07-12T10:25:00,4581945.3774199,Recursos d'Animació Intercultural RAI,2021-03-03T22:16:07.962667,65103002001000,"Planol BCN >> Cultura i lleure >> Cinemes, teatres, auditoris >> Teatres",,216084,"Sant Pere, Santa Caterina i la Ribera",True,20001
168,,,Tel.,Via Augusta,Telèfons,8021,55732068,932001133,BARCELONA,2.1388954166038783,41.39769728598179,Teatres,651,Sarrià-Sant Gervasi,428016.49039571686,205,﻿1281145134,75990020151,True,5,,,26,169,Teatre,28000,2001-10-08T00:00:00,4583264.479834049,Institució Cultural del C.I.C.,2018-07-26T14:31:10,65103002001000,"Planol BCN >> Cultura i lleure >> Cinemes, teatres, auditoris >> Teatres",,133419,Sant Gervasi - Galvany,True,20001
169,,,Tel.,Pl Margarida Xirgu,Telèfons,8004,55732070,932273900,BARCELONA,2.1574493260272294,41.37067944906853,Auditoris,651,Sants-Montjuïc,429538.34523939574,1,﻿299170435,92086011642,True,3,,,11,170,Auditori,700685,2000-10-25T00:00:00,4580249.751575231,Institut del Teatre,2018-07-26T15:59:18,65103002001002,"Planol BCN >> Cultura i lleure >> Cinemes, teatres, auditoris >> Auditoris",,130993,el Poble-sec,True,20001
170,,,Tel.,Ptge Méndez Vigo,Telèfons,8009,55732069,934875306,BARCELONA,2.16746808202297,41.39337744070764,Cinemes,651,Eixample,430400.41833532136,5,﻿92086004036,92086004031,True,2,,,7,171,Sala de Cinema,207905,1986-05-08T00:00:00,4582761.550239304,Institut Italià de Cultura de Barcelona,2021-03-03T22:14:28.441700,65103002001001,"Planol BCN >> Cultura i lleure >> Cinemes, teatres, auditoris >> Cinemes",,160692,la Dreta de l'Eixample,True,20001
171,,,Tel.,C Astúries,Telèfons,8024,55732068,932374302,BARCELONA,2.1564231919641506,41.40473418484713,Teatres,651,Gràcia,429489.3349235921,83,﻿92086003206,92086003195,True,6,,,31,172,Teatre,27302,1985-06-26T00:00:00,4584031.292665401,Fundació Orfeó Gracienc,2018-07-26T14:31:11,65103002001000,"Planol BCN >> Cultura i lleure >> Cinemes, teatres, auditoris >> Teatres",,160374,la Vila de Gràcia,True,20001
172,,,Tel.,Av Drassanes,Telèfons,8001,55732069,933249330,BARCELONA,2.17340795601217,41.376851005705056,Cinemes,651,Ciutat Vella,430879.4950573384,14,﻿92086000452,92086000446,True,1,,,1,173,Sala de Cinema,140203,1986-04-28T00:00:00,4580922.057288755,Escola Oficial d'Idiomes Barcelona - Drassanes,2021-03-03T22:15:33.656665,65103002001001,"Planol BCN >> Cultura i lleure >> Cinemes, teatres, auditoris >> Cinemes",,159740,el Raval,True,20001
173,,,Informació,Pg Santa Madrona,Telèfons,8038,55732068,933161000,BARCELONA,2.158482875531215,41.36812384413011,Teatres,651,Sants-Montjuïc,429622.02648506215,36,﻿92086000123,,True,3,,,11,174,Teatre Grec,316809,1989-07-04T00:00:00,4579965.193371069,,2021-09-22T09:41:34.831584,65103002001000,"Planol BCN >> Cultura i lleure >> Cinemes, teatres, auditoris >> Teatres",,159005,el Poble-sec,True,20006
174,,,Tel.,Plaça del Nord,Telèfons,8024,55732068,932183372,Barcelona,2.1555669096743912,41.407283425886,Teatres,651,Gràcia,429420.5205326059,7,﻿75990416212,,True,6,,,31,175,Lluïsos de Gràcia,229001,1996-12-03T00:00:00,4584315.00388437,,2022-01-13T09:54:53.603841,65103002001000,"Planol BCN >> Cultura i lleure >> Cinemes, teatres, auditoris >> Teatres",,153064,la Vila de Gràcia,True,20001
175,,,Tel.,C Mallorca,Telèfons,8026,55732068,932327709,BARCELONA,2.184452139942696,41.41014537486835,Teatres,651,Sant Martí,431837.8209916551,580,﻿92086011052,92086011049,True,10,,,64,176,Teatre,191204,1986-04-23T00:00:00,4584609.600507557,Cooperativa La Formiga Martinenca,2019-11-14T10:57:34,65103002001000,"Planol BCN >> Cultura i lleure >> Cinemes, teatres, auditoris >> Teatres",,163659,el Camp de l'Arpa del Clot,True,20001
176,,,Tel.,Trvs Sant Antoni,Telèfons,8012,55732068,932184485,BARCELONA,2.1547130775919525,41.40254484377345,Teatres,651,Gràcia,429344.02138599445,6,﻿99400165038,92086003106,True,6,,,31,177,Teatre - Auditori,344407,2006-07-17T08:19:56,4583789.627991913,Centre Artesà Tradicionàrius,2021-03-03T22:16:08.044344,65103002001000,"Planol BCN >> Cultura i lleure >> Cinemes, teatres, auditoris >> Teatres",,216213,la Vila de Gràcia,True,20001
177,,,Tel.,Av Diagonal,Telèfons,8028,55732069,934016558,BARCELONA,2.1152496599636668,41.384899977274,Cinemes,651,Les Corts,426025.3110516001,647,﻿92086015533,,True,4,,,20,178,Escola Tècnica Superior d'Enginyeria Industrial de Barcelona,144601,1986-05-05T00:00:00,4581863.655071365,,2019-10-05T11:06:45,65103002001001,"Planol BCN >> Cultura i lleure >> Cinemes, teatres, auditoris >> Cinemes",Cinema,165027,la Maternitat i Sant Ramon,True,20001
178,,,Tel.,Ramon Trias Fargas,Telèfons,8005,55732070,935421738,BARCELONA,2.1909833351708046,41.38924681822701,Auditoris,651,Sant Martí,432362.02636735974,23,﻿98357090249,,True,10,,,67,179,Auditori Universitat Pompeu Fabra *R T Fargas,132908,1998-12-23T00:00:00,4582284.352293278,,2018-07-26T15:59:19,65103002001002,"Planol BCN >> Cultura i lleure >> Cinemes, teatres, auditoris >> Auditoris",,202024,la Vila Olímpica del Poblenou,True,20001
179,,61,Tel.,Avinguda del Paral·lel,Telèfons,8004,55732068,93 459 99 39,Barcelona,2.17033375490776,41.37478866980459,Teatres,651,Sants-Montjuïc,430620.23318447,57,﻿99400664939,,True,3,,,11,180,Teatre Apolo,198804,2021-03-09T09:51:47.129521,4580695.55657808,,2021-05-19T12:01:45.677257,65103002001000,"Planol BCN >> Cultura i lleure >> Cinemes, teatres, auditoris >> Teatres",,412827,el Poble-sec,False,20001
180,,,Tel.,C Jonqueres,Telèfons,8003,55732068,936539566,BARCELONA,2.1739032470683863,41.388513663974706,Teatres,651,Ciutat Vella,430933.25426886335,15,﻿99400610236,,True,1,,,4,181,Sala Ars Teatre BCN,175106,2018-10-05T12:18:09,4582216.431667185,,2021-03-03T22:14:35.459946,65103002001000,"Planol BCN >> Cultura i lleure >> Cinemes, teatres, auditoris >> Teatres",,232386,"Sant Pere, Santa Caterina i la Ribera",True,20001
181,,,Tel.,Pg Santa Madrona,Telèfons,8038,55732070,934246807,BARCELONA,2.156001328720349,41.36909366060918,Auditoris,651,Sants-Montjuïc,429415.5354705268,16,﻿99400065683,92086000174,True,3,,,11,182,Sala de Conferències,316809,2003-11-11T17:55:00,4580074.878257027,Museu Etnològic i de Cultures del Món *Parc Montjuïc,2018-07-26T15:59:19,65103002001002,"Planol BCN >> Cultura i lleure >> Cinemes, teatres, auditoris >> Auditoris",,207474,el Poble-sec,True,20001
182,,,Tel.,C Pons i Gallarza,Telèfons,8030,55732068,933453001,BARCELONA,2.186493921607426,41.435729446052186,Teatres,651,Sant Andreu,432035.1545019093,58,﻿99400108595,92086011004,True,9,,,60,183,Teatre,262200,2005-04-13T09:31:00,4587448.315880374,"Casal Catòlic de Sant Andreu - Àntic Casino ""El Progrés""",2018-07-26T14:31:14,65103002001000,"Planol BCN >> Cultura i lleure >> Cinemes, teatres, auditoris >> Teatres",,212412,Sant Andreu,True,20001
183,,,Informació,Rbla Catalunya,Telèfons,8007,55732068,932380722,BARCELONA,2.168440833723857,41.38767240351558,Teatres,651,Eixample,430475.66273508983,2,﻿99400467597,,True,2,,,7,184,City Hall Barcelona,74506,2016-10-19T10:40:51,4582127.404442111,,2021-03-03T22:14:39.328647,65103002001000,"Planol BCN >> Cultura i lleure >> Cinemes, teatres, auditoris >> Teatres",,229055,la Dreta de l'Eixample,True,20006
184,,,Informació,Rbla Catalunya,Telèfons,8007,55734070,932380722,BARCELONA,2.168440833723857,41.38767240351558,Discoteques,651,Eixample,430475.66273508983,2,﻿99400467597,,True,2,,,7,185,City Hall Barcelona,74506,2016-10-19T10:40:51,4582127.404442111,,2021-03-03T22:14:39.328647,65103002003002,Planol BCN >> Cultura i lleure >> Espais de música i copes >> Discoteques,,229055,la Dreta de l'Eixample,True,20006
185,,,Centraleta,Carrer de Vila i Vilà,Telèfons,8004,55732068,932055111,Barcelona,2.167271088906495,41.37458590109832,Teatres,651,Sants-Montjuïc,430363.90312195965,99,﻿99400179259,,True,3,,,11,186,Sala El Molino,361009,2007-03-12T14:00:14,4580675.501589779,,2022-02-23T11:34:12.302312,65103002001000,"Planol BCN >> Cultura i lleure >> Cinemes, teatres, auditoris >> Teatres",,217179,el Poble-sec,True,20003
186,,2,Tel.,Carrer de la Seca,Telèfons,8003,55732068,93 458 99 94,Barcelona,2.1820223875927622,41.38499843862712,Teatres,651,Ciutat Vella,431608.38630283996,2,﻿99400679835,14143802,True,1,,,4,187,Centre de les Arts Lliures,321503,2021-11-22T17:03:44.931128,4581819.737336161,Fundació Joan Brossa,2022-06-28T12:57:46.253114,65103002001000,"Planol BCN >> Cultura i lleure >> Cinemes, teatres, auditoris >> Teatres",,432390,"Sant Pere, Santa Caterina i la Ribera",False,20001
187,,,Centraleta,Pl Josep M. Huertas Claveria,Telèfons,8005,55732068,932563840,BARCELONA,2.20050971216533,41.40367975860696,Teatres,651,Sant Martí,433173.2731653361,1,﻿99400164758,92086035490,True,10,,,68,188,Teatre,700802,2006-07-12T11:17:00,4583879.2838958185,Centre Cívic Can Felipa,2021-03-03T22:16:07.973735,65103002001000,"Planol BCN >> Cultura i lleure >> Cinemes, teatres, auditoris >> Teatres",,216119,el Poblenou,True,20003
188,,,Tel.,G.V. Corts Catalanes,Telèfons,8018,55732068,932918080,BARCELONA,2.188461496328564,41.40494645411221,Teatres,651,Sant Martí,432167.51190630934,837,﻿99400164759,99119115920,True,10,,,65,189,Teatre,169409,2006-07-12T11:21:00,4584029.275232813,Centre Cultural La Farinera del Clot,2021-03-03T22:16:07.977771,65103002001000,"Planol BCN >> Cultura i lleure >> Cinemes, teatres, auditoris >> Teatres",,216085,el Clot,True,20001
189,,,Tel.,G.V. Corts Catalanes,Telèfons,8018,66731068,932918080,BARCELONA,2.188461496328564,41.40494645411221,WiFi BCN,651,Sant Martí,432167.51190630934,837,﻿99400164759,99119115920,True,10,,,65,190,Teatre,169409,2006-07-12T11:21:00,4584029.275232813,Centre Cultural La Farinera del Clot,2021-03-03T22:16:07.977771,65103013000000,Planol BCN >> Internet >> Punts d'accés a Internet >> WiFi BCN,,216085,el Clot,True,20001
190,,,Tel.,Av Diagonal,Telèfons,8028,55732070,934016615,BARCELONA,2.1152495646604175,41.38489994951897,Auditoris,651,Les Corts,426025.30305167846,647,﻿92086015534,92086010028,True,4,,,20,191,Auditòrium,144601,1986-05-05T00:00:00,4581863.652071393,Escola Tècnica Superior d'Enginyeria Industrial de Barcelona - UPC,2018-07-26T15:59:19,65103002001002,"Planol BCN >> Cultura i lleure >> Cinemes, teatres, auditoris >> Auditoris",,164337,la Maternitat i Sant Ramon,True,20001
191,,,Tel.,C Montalegre,Telèfons,8001,55732068,933064100,BARCELONA,2.1668129104163323,41.38391450226559,Teatres,651,Ciutat Vella,430335.5441832022,5,﻿99400266441,94042144909,True,1,,,1,192,Sala Raval,216906,2011-03-16T00:00:00,4581711.515471728,Centre de Cultura Contemporània de Barcelona,2021-03-03T22:14:10.118041,65103002001000,"Planol BCN >> Cultura i lleure >> Cinemes, teatres, auditoris >> Teatres",,223895,el Raval,True,20001
192,,,Tel.,C Sant Antoni Maria Claret,Telèfons,8025,55732068,936035161,BARCELONA,2.169520254468011,41.40746054572432,Teatres,651,Eixample,430586.9692002,120,﻿99400187243,,True,2,,,6,193,Teatre Gaudí de Barcelona,297001,2007-07-13T12:42:14,4584323.39204397,,2021-03-03T22:16:20.357589,65103002001000,"Planol BCN >> Cultura i lleure >> Cinemes, teatres, auditoris >> Teatres",,218408,la Sagrada Família,True,20001
193,,,Tel.,València,Telèfons,8009,55732068,934880590,BARCELONA,2.1659008246716773,41.394518930348355,Teatres,651,Eixample,430270.61457029224,302,﻿99400164971,92086007784,True,2,,,7,194,Sala de teatre,350308,2006-07-14T10:29:00,4582889.53696395,Centre Cultural La Casa Elizalde,2018-07-26T14:31:09,65103002001000,"Planol BCN >> Cultura i lleure >> Cinemes, teatres, auditoris >> Teatres",,216113,la Dreta de l'Eixample,True,20001
194,,,Tel.,C Flors,Telèfons,8001,55732068,934417022,BARCELONA,2.167378942374887,41.37596959387577,Teatres,651,Ciutat Vella,430374.39798812335,22,﻿99400327808,75990343578,True,1,,,1,195,L'Àtic22,127409,2013-10-08T00:00:00,4580829.030093193,Tantarantana Teatre,2021-03-03T22:14:48.359059,65103002001000,"Planol BCN >> Cultura i lleure >> Cinemes, teatres, auditoris >> Teatres",,225725,el Raval,True,20001
195,,,,C Constitució,,8014,55732068,,BARCELONA,2.135255026078898,41.36983398156041,Teatres,651,Sants-Montjuïc,427681.3043169404,82,﻿99400654904,,True,3,,,16,196,Sala Clan Destino Mental,89707,2020-07-10T11:00:25,4580174.16792095,,2021-03-08T17:45:36.921088,65103002001000,"Planol BCN >> Cultura i lleure >> Cinemes, teatres, auditoris >> Teatres",,,la Bordeta,,
