id,name,zone,ubicacion_full,distrito2,calle,barrio,barrio2,distrito,area,price,price_before,square_mt,rooms,wc,terraza,balcon,estado,año,armarios,cocina,amueblado,planta,calef,asc,aire,exterior,datalles2,cp,actualizacion,actualizacion2,extract_day
97376647,Alquiler de Piso en calle de Nàpols,"El Camp d'En Grassot i Gràcia Nova, Barcelona","Calle de Nàpols||Barrio El Camp d'En Grassot i Gràcia Nova||Distrito Gràcia||Barcelona||Área de Barcelona, Barcelona",Distrito Gràcia,Calle de Nàpols,Barrio El Camp d'En Grassot i Gràcia Nova,Barrio El Camp d'En Grassot i Gràcia Nova,Distrito Gràcia,"Área de Barcelona, Barcelona",1450,1450,64,1,1,0,1,segunda mano/buen estado,,0,1,1,1,1,0,0,1,||consumo: ||||ver etiqueta de calificación energética|ocultar etiqueta|||||||,08025,Anuncio actualizado hace 5 horas,Anuncio actualizado el 1 de noviembre,2022-11-01
99134641,Alquiler de Piso en calle de Lepant,"La Sagrada Família, Barcelona","Calle de Lepant||Barrio La Sagrada Família||Distrito Eixample||Barcelona||Área de Barcelona, Barcelona",Distrito Eixample,Calle de Lepant,Barrio La Sagrada Família,Barrio La Sagrada Família,Distrito Eixample,"Área de Barcelona, Barcelona",1250,1250,50,2,1,0,1,segunda mano/buen estado,,0,1,1,2,1,1,0,1,||consumo: ||||emisiones: ||||ver etiqueta de calificación energética|ocultar etiqueta|||||||,08025,Anuncio actualizado hace 15 horas,Anuncio actualizado el 1 de noviembre,2022-11-01
90763281,Alquiler de Piso en calle de los Castillejos,"La Sagrada Família, Barcelona","Calle de los Castillejos||Barrio La Sagrada Família||Distrito Eixample||Barcelona||Área de Barcelona, Barcelona",Distrito Eixample,Calle de los Castillejos,Barrio La Sagrada Família,Barrio La Sagrada Família,Distrito Eixample,"Área de Barcelona, Barcelona",1995,1995,70,4,1,0,0,segunda mano/buen estado,,0,1,1,3,1,1,0,1,||consumo: ||||ver etiqueta de calificación energética|ocultar etiqueta|||||||,08025,Anuncio actualizado hace 5 horas,Anuncio actualizado el 1 de noviembre,2022-11-01
97470046,Alquiler de Piso en calle de Santa Carolina,"El Baix Guinardó, Barcelona","Calle de Santa Carolina||Barrio El Baix Guinardó||Distrito Horta Guinardó||Barcelona||Área de Barcelona, Barcelona",Distrito Horta Guinardó,Calle de Santa Carolina,Barrio El Baix Guinardó,Barrio El Baix Guinardó,Distrito Horta Guinardó,"Área de Barcelona, Barcelona",1150,1150,78,3,1,0,0,segunda mano/buen estado,2000,0,0,0,1,0,1,0,0,||consumo: |105 kwh/m² año|||ver etiqueta de calificación energética|ocultar etiqueta|||||||,08025,Anuncio actualizado hace 15 horas,Anuncio actualizado el 1 de noviembre,2022-11-01
83711362,Alquiler de Piso en calle de la Indústria,"La Sagrada Família, Barcelona","Calle de la Indústria||Barrio La Sagrada Família||Distrito Eixample||Barcelona||Área de Barcelona, Barcelona",Distrito Eixample,Calle de la Indústria,Barrio La Sagrada Família,Barrio La Sagrada Família,Distrito Eixample,"Área de Barcelona, Barcelona",1795,1795,62,3,1,1,0,segunda mano/buen estado,,0,1,1,5,1,1,1,0,||aire acondicionado||||consumo: ||||ver etiqueta de calificación energética|ocultar etiqueta|||||||,08025,Anuncio actualizado hace 5 horas,Anuncio actualizado el 1 de noviembre,2022-11-01
98214298,"Alquiler de Piso en Passatge de Simó, 3","La Sagrada Família, Barcelona","Passatge de Simó, 3||Barrio La Sagrada Família||Distrito Eixample||Barcelona||Área de Barcelona, Barcelona",Distrito Eixample,"Passatge de Simó, 3",Barrio La Sagrada Família,Barrio La Sagrada Família,Distrito Eixample,"Área de Barcelona, Barcelona",1250,1250,60,1,1,1,0,segunda mano/buen estado,,1,1,1,0,1,0,0,1,||consumo: ||||emisiones: ||||ver etiqueta de calificación energética|ocultar etiqueta|||||||,08025,Anuncio actualizado hace 15 horas,Anuncio actualizado el 1 de noviembre,2022-11-01
81849320,Alquiler de Piso en calle de Sant Antoni Maria Claret,"La Sagrada Família, Barcelona","Calle de Sant Antoni Maria Claret||Barrio La Sagrada Família||Distrito Eixample||Barcelona||Área de Barcelona, Barcelona",Distrito Eixample,Calle de Sant Antoni Maria Claret,Barrio La Sagrada Família,Barrio La Sagrada Família,Distrito Eixample,"Área de Barcelona, Barcelona",1250,1250,48,2,1,0,1,segunda mano/buen estado,,0,1,1,0,0,1,1,0,||aire acondicionado||||consumo: ||||ver etiqueta de calificación energética|ocultar etiqueta|||||||,08025,Anuncio actualizado hace 5 horas,Anuncio actualizado el 1 de noviembre,2022-11-01
98661648,"Alquiler de Piso en calle de Lepant, 315","La Sagrada Família, Barcelona","Calle de Lepant, 315||Barrio La Sagrada Família||Distrito Eixample||Barcelona||Área de Barcelona, Barcelona",Distrito Eixample,"Calle de Lepant, 315",Barrio La Sagrada Família,Barrio La Sagrada Família,Distrito Eixample,"Área de Barcelona, Barcelona",1600,1600,51,2,2,0,0,segunda mano/buen estado,,1,1,1,1,1,1,1,0,||aire acondicionado||||consumo: |142 kwh/m² año|||emisiones: |24 kg co2/m² año|||ver etiqueta de calificación energética|ocultar etiqueta|||||||,08025,Anuncio actualizado hace 17 horas,Anuncio actualizado el 31 de octubre,2022-11-01
99381042,"Alquiler de Piso en C/Salvà Calle Corsega, 480","El Camp d'En Grassot i Gràcia Nova, Barcelona","C/Salvà Calle Corsega, 480||Barrio El Camp d'En Grassot i Gràcia Nova||Distrito Gràcia||Barcelona||Área de Barcelona, Barcelona",Distrito Gràcia,"C/Salvà Calle Corsega, 480",Barrio El Camp d'En Grassot i Gràcia Nova,Barrio El Camp d'En Grassot i Gràcia Nova,Distrito Gràcia,"Área de Barcelona, Barcelona",1500,1500,75,2,2,0,0,segunda mano/buen estado,,0,1,1,3,0,1,1,1,||aire acondicionado||||en trámite|||,08025,Anuncio actualizado hace una hora,Anuncio actualizado el 1 de noviembre,2022-11-01
36797897,Alquiler de Chalet adosado en calle del Torrent de Mariner,"El Camp d'En Grassot i Gràcia Nova, Barcelona","Calle del Torrent de Mariner||Barrio El Camp d'En Grassot i Gràcia Nova||Distrito Gràcia||Barcelona||Área de Barcelona, Barcelona",Distrito Gràcia,Calle del Torrent de Mariner,Barrio El Camp d'En Grassot i Gràcia Nova,Barrio El Camp d'En Grassot i Gràcia Nova,Distrito Gràcia,"Área de Barcelona, Barcelona",1150,1150,55,2,1,1,0,segunda mano/buen estado,1942,0,1,0,0,1,0,1,0,||aire acondicionado||||consumo: |108 kwh/m² año|||emisiones: |75 kg co2/m² año|||ver etiqueta de calificación energética|ocultar etiqueta|||||||,08025,Anuncio actualizado hace un día,Anuncio actualizado el 31 de octubre,2022-11-01
99377806,Alquiler de Piso en calle de Roger de Flor,"La Dreta de l'Eixample, Barcelona","Calle de Roger de Flor||Barrio La Dreta de l'Eixample||Distrito Eixample||Barcelona||Área de Barcelona, Barcelona",Distrito Eixample,Calle de Roger de Flor,Barrio La Dreta de l'Eixample,Barrio La Dreta de l'Eixample,Distrito Eixample,"Área de Barcelona, Barcelona",2500,2500,88,3,1,0,1,segunda mano/buen estado,,0,1,1,1,1,1,1,1,||aire acondicionado||||consumo: ||||ver etiqueta de calificación energética|ocultar etiqueta|||||||,08025,Anuncio actualizado hace 5 horas,Anuncio actualizado el 1 de noviembre,2022-11-01
86680165,Alquiler de Piso en calle de Nàpols,"La Sagrada Família, Barcelona","Calle de Nàpols||Barrio La Sagrada Família||Distrito Eixample||Barcelona||Área de Barcelona, Barcelona",Distrito Eixample,Calle de Nàpols,Barrio La Sagrada Família,Barrio La Sagrada Família,Distrito Eixample,"Área de Barcelona, Barcelona",1650,1650,65,2,1,0,1,segunda mano/buen estado,,0,1,1,4,1,1,0,0,||consumo: ||||ver etiqueta de calificación energética|ocultar etiqueta|||||||,08025,Anuncio actualizado hace un día,Anuncio actualizado el 31 de octubre,2022-11-01
99371546,Alquiler de Piso en calle del Rosellón,"La Sagrada Família, Barcelona","Calle del Rosellón||Barrio La Sagrada Família||Distrito Eixample||Barcelona||Área de Barcelona, Barcelona",Distrito Eixample,Calle del Rosellón,Barrio La Sagrada Família,Barrio La Sagrada Família,Distrito Eixample,"Área de Barcelona, Barcelona",1700,1700,120,3,2,1,0,segunda mano/buen estado,1975,1,1,0,1,1,1,1,1,||aire acondicionado||||consumo: |186 kwh/m² año|||emisiones: |21 kg co2/m² año|||ver etiqueta de calificación energética|ocultar etiqueta|||||||,08025,Anuncio actualizado hace un día,Anuncio actualizado el 30 de octubre,2022-11-01
99370902,Alquiler de Piso en calle de Provença,"La Sagrada Família, Barcelona","Calle de Provença||Barrio La Sagrada Família||Distrito Eixample||Barcelona||Área de Barcelona, Barcelona",Distrito Eixample,Calle de Provença,Barrio La Sagrada Família,Barrio La Sagrada Família,Distrito Eixample,"Área de Barcelona, Barcelona",2800,2800,122,4,2,0,1,segunda mano/buen estado,1988,1,1,1,3,1,1,1,1,||aire acondicionado||||consumo: ||||emisiones: ||||ver etiqueta de calificación energética|ocultar etiqueta|||||||,08025,Anuncio actualizado hace una hora,Anuncio actualizado el 1 de noviembre,2022-11-01
99360567,Alquiler de Piso en calle del Rosselló,"El Camp d'En Grassot i Gràcia Nova, Barcelona","Calle del Rosselló||Barrio El Camp d'En Grassot i Gràcia Nova||Distrito Gràcia||Barcelona||Área de Barcelona, Barcelona",Distrito Gràcia,Calle del Rosselló,Barrio El Camp d'En Grassot i Gràcia Nova,Barrio El Camp d'En Grassot i Gràcia Nova,Distrito Gràcia,"Área de Barcelona, Barcelona",2900,2900,91,3,2,1,1,segunda mano/buen estado,,1,1,1,2,1,1,1,1,||aire acondicionado||||consumo: ||||emisiones: ||||ver etiqueta de calificación energética|ocultar etiqueta|||||||,08025,Anuncio actualizado hace 3 días,Anuncio actualizado el 29 de octubre,2022-11-01
99315754,Alquiler de Piso en Provença,"La Sagrada Família, Barcelona","Provença||Barrio La Sagrada Família||Distrito Eixample||Barcelona||Área de Barcelona, Barcelona",Distrito Eixample,Provença,Barrio La Sagrada Família,Barrio La Sagrada Família,Distrito Eixample,"Área de Barcelona, Barcelona",1600,1600,79,3,1,0,0,segunda mano/buen estado,1936,0,1,1,0,1,1,0,0,||en trámite|||,08025,Anuncio actualizado hace 6 días,Anuncio actualizado el 26 de octubre,2022-11-01
98287281,Alquiler de Piso en calle de Sant Antoni Maria Claret,"La Sagrada Família, Barcelona","Calle de Sant Antoni Maria Claret||Barrio La Sagrada Família||Distrito Eixample||Barcelona||Área de Barcelona, Barcelona",Distrito Eixample,Calle de Sant Antoni Maria Claret,Barrio La Sagrada Família,Barrio La Sagrada Família,Distrito Eixample,"Área de Barcelona, Barcelona",1650,1750,100,1,1,0,0,segunda mano/buen estado,1970,0,1,1,0,1,1,1,1,||aire acondicionado||||consumo: |348 kwh/m² año|||emisiones: |59 kg co2/m² año|||ver etiqueta de calificación energética|ocultar etiqueta|||||||,08025,Anuncio actualizado hace 10 días,Anuncio actualizado el 22 de octubre,2022-11-01
99366825,"Alquiler de Piso en Rosselló, 415 bis","El Camp d'En Grassot i Gràcia Nova, Barcelona","Rosselló, 415 bis||Barrio El Camp d'En Grassot i Gràcia Nova||Distrito Gràcia||Barcelona||Área de Barcelona, Barcelona",Distrito Gràcia,"Rosselló, 415 bis",Barrio El Camp d'En Grassot i Gràcia Nova,Barrio El Camp d'En Grassot i Gràcia Nova,Distrito Gràcia,"Área de Barcelona, Barcelona",1100,1100,57,3,1,0,0,segunda mano/buen estado,1967,0,0,0,2,0,1,0,1,||en trámite|||,08025,Anuncio actualizado hace 19 horas,Anuncio actualizado el 31 de octubre,2022-11-01
92110726,"Alquiler de Piso en ROSELLON, 436","La Sagrada Família, Barcelona","ROSELLON, 436||Barrio La Sagrada Família||Distrito Eixample||Barcelona||Área de Barcelona, Barcelona",Distrito Eixample,"ROSELLON, 436",Barrio La Sagrada Família,Barrio La Sagrada Família,Distrito Eixample,"Área de Barcelona, Barcelona",1200,1200,80,3,1,0,0,segunda mano/buen estado,,1,0,0,1,0,1,0,1,||en trámite|||,08025,Anuncio actualizado hace 5 días,Anuncio actualizado el 27 de octubre,2022-11-01
99209269,Alquiler de Piso en avenida de Gaudí,"La Sagrada Família, Barcelona","Avenida de Gaudí||Barrio La Sagrada Família||Distrito Eixample||Barcelona||Área de Barcelona, Barcelona",Distrito Eixample,Avenida de Gaudí,Barrio La Sagrada Família,Barrio La Sagrada Família,Distrito Eixample,"Área de Barcelona, Barcelona",2200,2200,145,3,2,0,0,segunda mano/buen estado,1948,1,0,0,1,0,1,1,1,||aire acondicionado||||consumo: |190 kwh/m² año|||emisiones: |40 kg co2/m² año|||ver etiqueta de calificación energética|ocultar etiqueta|||||||,08025,Anuncio actualizado hace 3 días,Anuncio actualizado el 28 de octubre,2022-11-01
99360166,Alquiler de Piso en calle de Cartagena,"La Sagrada Família, Barcelona","Calle de Cartagena||Barrio La Sagrada Família||Distrito Eixample||Barcelona||Área de Barcelona, Barcelona",Distrito Eixample,Calle de Cartagena,Barrio La Sagrada Família,Barrio La Sagrada Família,Distrito Eixample,"Área de Barcelona, Barcelona",1275,1275,55,2,1,0,1,segunda mano/buen estado,,0,1,1,3,1,1,1,1,||aire acondicionado||||no indicado|||,08025,Anuncio actualizado hace 3 días,Anuncio actualizado el 28 de octubre,2022-11-01
97784550,Alquiler de Piso en calle d'en Grassot,"El Camp d'En Grassot i Gràcia Nova, Barcelona","Calle d'en Grassot||Barrio El Camp d'En Grassot i Gràcia Nova||Distrito Gràcia||Barcelona||Área de Barcelona, Barcelona",Distrito Gràcia,Calle d'en Grassot,Barrio El Camp d'En Grassot i Gràcia Nova,Barrio El Camp d'En Grassot i Gràcia Nova,Distrito Gràcia,"Área de Barcelona, Barcelona",2600,2600,112,1,2,0,0,segunda mano/buen estado,,0,1,1,0,1,0,1,0,||aire acondicionado||||no indicado|||,08025,Anuncio actualizado hace 5 días,Anuncio actualizado el 26 de octubre,2022-11-01
96452315,Alquiler de Piso en calle de Roger de Flor,"El Camp d'En Grassot i Gràcia Nova, Barcelona","Calle de Roger de Flor||Barrio El Camp d'En Grassot i Gràcia Nova||Distrito Gràcia||Barcelona||Área de Barcelona, Barcelona",Distrito Gràcia,Calle de Roger de Flor,Barrio El Camp d'En Grassot i Gràcia Nova,Barrio El Camp d'En Grassot i Gràcia Nova,Distrito Gràcia,"Área de Barcelona, Barcelona",2095,2095,80,3,1,0,0,segunda mano/buen estado,,0,1,1,4,1,0,0,1,||consumo: ||||ver etiqueta de calificación energética|ocultar etiqueta|||||||,08025,Anuncio actualizado hace 6 días,Anuncio actualizado el 26 de octubre,2022-11-01
98272600,Alquiler de Piso en plaza Sagrada Família,"La Sagrada Família, Barcelona","Plaza Sagrada Família||Barrio La Sagrada Família||Distrito Eixample||Barcelona||Área de Barcelona, Barcelona",Distrito Eixample,Plaza Sagrada Família,Barrio La Sagrada Família,Barrio La Sagrada Família,Distrito Eixample,"Área de Barcelona, Barcelona",2770,2770,117,3,2,1,1,segunda mano/buen estado,,1,1,1,1,1,1,1,1,||aire acondicionado||||consumo: |42 kwh/m² año|||ver etiqueta de calificación energética|ocultar etiqueta|||||||,08025,Anuncio actualizado hace 2 horas,Anuncio actualizado el 1 de noviembre,2022-11-01
99345902,"Alquiler de Piso en calle Corsega, 500","El Camp d'En Grassot i Gràcia Nova, Barcelona","Calle Corsega, 500||Barrio El Camp d'En Grassot i Gràcia Nova||Distrito Gràcia||Barcelona||Área de Barcelona, Barcelona",Distrito Gràcia,"Calle Corsega, 500",Barrio El Camp d'En Grassot i Gràcia Nova,Barrio El Camp d'En Grassot i Gràcia Nova,Distrito Gràcia,"Área de Barcelona, Barcelona",1500,1600,75,2,2,0,1,segunda mano/buen estado,,0,1,1,3,0,1,1,1,||aire acondicionado||||en trámite|||,08025,Anuncio actualizado hace 17 horas,Anuncio actualizado el 31 de octubre,2022-11-01
99140220,Alquiler de Piso en calle de Nàpols,"El Camp d'En Grassot i Gràcia Nova, Barcelona","Calle de Nàpols||Barrio El Camp d'En Grassot i Gràcia Nova||Distrito Gràcia||Barcelona||Área de Barcelona, Barcelona",Distrito Gràcia,Calle de Nàpols,Barrio El Camp d'En Grassot i Gràcia Nova,Barrio El Camp d'En Grassot i Gràcia Nova,Distrito Gràcia,"Área de Barcelona, Barcelona",1200,1300,98,2,2,0,1,segunda mano/buen estado,1970,1,1,0,1,0,1,0,1,||consumo: |169 kwh/m² año|||emisiones: |35 kg co2/m² año|||ver etiqueta de calificación energética|ocultar etiqueta|||||||,08025,Anuncio actualizado hace 7 días,Anuncio actualizado el 25 de octubre,2022-11-01
99354352,Alquiler de Piso en Gran Via de les Corts Catalanes,"La Dreta de l'Eixample, Barcelona","Gran Via de les Corts Catalanes||Barrio La Dreta de l'Eixample||Distrito Eixample||Barcelona||Área de Barcelona, Barcelona",Distrito Eixample,Gran Via de les Corts Catalanes,Barrio La Dreta de l'Eixample,Barrio La Dreta de l'Eixample,Distrito Eixample,"Área de Barcelona, Barcelona",1600,1600,85,3,2,0,1,segunda mano/buen estado,,1,1,1,6,1,1,1,1,||aire acondicionado||||consumo: ||||emisiones: ||||ver etiqueta de calificación energética|ocultar etiqueta|||||||,08025,Anuncio actualizado hace 4 días,Anuncio actualizado el 28 de octubre,2022-11-01
99322677,Alquiler de Piso en calle de Roger de Flor,"El Camp d'En Grassot i Gràcia Nova, Barcelona","Calle de Roger de Flor||Barrio El Camp d'En Grassot i Gràcia Nova||Distrito Gràcia||Barcelona||Área de Barcelona, Barcelona",Distrito Gràcia,Calle de Roger de Flor,Barrio El Camp d'En Grassot i Gràcia Nova,Barrio El Camp d'En Grassot i Gràcia Nova,Distrito Gràcia,"Área de Barcelona, Barcelona",1200,1200,63,3,1,0,1,segunda mano/buen estado,1968,0,0,0,5,0,1,0,1,||consumo: |141 kwh/m² año|||ver etiqueta de calificación energética|ocultar etiqueta|||||||,08025,Anuncio actualizado hace 16 horas,Anuncio actualizado el 31 de octubre,2022-11-01
99134245,"Alquiler de Piso en travesía de Gràcia, 429","El Baix Guinardó, Barcelona","Travesía de Gràcia, 429||Barrio El Baix Guinardó||Distrito Horta Guinardó||Barcelona||Área de Barcelona, Barcelona",Distrito Horta Guinardó,"Travesía de Gràcia, 429",Barrio El Baix Guinardó,Barrio El Baix Guinardó,Distrito Horta Guinardó,"Área de Barcelona, Barcelona",1900,1900,90,2,1,0,0,segunda mano/buen estado,1990,0,1,1,5,1,1,0,0,||consumo: |150 kwh/m² año|||ver etiqueta de calificación energética|ocultar etiqueta|||||||,08025,Anuncio actualizado hace un día,Anuncio actualizado el 31 de octubre,2022-11-01
99087125,Alquiler de Piso en calle de Roger de Flor,"El Camp d'En Grassot i Gràcia Nova, Barcelona","Calle de Roger de Flor||Barrio El Camp d'En Grassot i Gràcia Nova||Distrito Gràcia||Barcelona||Área de Barcelona, Barcelona",Distrito Gràcia,Calle de Roger de Flor,Barrio El Camp d'En Grassot i Gràcia Nova,Barrio El Camp d'En Grassot i Gràcia Nova,Distrito Gràcia,"Área de Barcelona, Barcelona",1600,1700,107,2,2,1,0,segunda mano/buen estado,1985,0,1,1,1,1,1,0,0,||aire acondicionado|||zonas verdes||||consumo: |247 kwh/m² año|||emisiones: |52 kg co2/m² año|||ver etiqueta de calificación energética|ocultar etiqueta|||||||,08025,Anuncio actualizado hace 10 días,Anuncio actualizado el 22 de octubre,2022-11-01
87527605,Alquiler de Piso en calle de Lepant,"El Baix Guinardó, Barcelona","Calle de Lepant||Barrio El Baix Guinardó||Distrito Horta Guinardó||Barcelona||Área de Barcelona, Barcelona",Distrito Horta Guinardó,Calle de Lepant,Barrio El Baix Guinardó,Barrio El Baix Guinardó,Distrito Horta Guinardó,"Área de Barcelona, Barcelona",1000,1000,69,1,1,0,0,segunda mano/buen estado,,0,0,0,0,1,1,1,0,||aire acondicionado||||consumo: ||||ver etiqueta de calificación energética|ocultar etiqueta|||||||,08025,Anuncio actualizado hace 4 días,Anuncio actualizado el 28 de octubre,2022-11-01
97959124,"Alquiler de Piso en Lepant, 341","La Sagrada Família, Barcelona","Lepant, 341||Barrio La Sagrada Família||Distrito Eixample||Barcelona||Área de Barcelona, Barcelona",Distrito Eixample,"Lepant, 341",Barrio La Sagrada Família,Barrio La Sagrada Família,Distrito Eixample,"Área de Barcelona, Barcelona",2000,2000,70,3,2,0,1,segunda mano/buen estado,,0,1,1,1,1,1,1,1,||aire acondicionado||||en trámite|||,08025,Anuncio actualizado hace más de 2 meses,Anuncio actualizado el 29 de septiembre,2022-11-01
82257035,Alquiler de Piso en avenida de Gaudí,"La Sagrada Família, Barcelona","Avenida de Gaudí||Barrio La Sagrada Família||Distrito Eixample||Barcelona||Área de Barcelona, Barcelona",Distrito Eixample,Avenida de Gaudí,Barrio La Sagrada Família,Barrio La Sagrada Família,Distrito Eixample,"Área de Barcelona, Barcelona",1550,1550,60,2,2,0,1,segunda mano/buen estado,,0,1,1,2,1,1,1,0,||aire acondicionado||||consumo: ||||ver etiqueta de calificación energética|ocultar etiqueta|||||||,08025,Anuncio actualizado hace 8 días,Anuncio actualizado el 24 de octubre,2022-11-01
99142839,Alquiler de Piso en calle de Lepant,"El Baix Guinardó, Barcelona","Calle de Lepant||Barrio El Baix Guinardó||Distrito Horta Guinardó||Barcelona||Área de Barcelona, Barcelona",Distrito Horta Guinardó,Calle de Lepant,Barrio El Baix Guinardó,Barrio El Baix Guinardó,Distrito Horta Guinardó,"Área de Barcelona, Barcelona",1600,1600,103,2,1,1,0,segunda mano/buen estado,1970,0,1,0,10,1,1,1,0,||aire acondicionado||||consumo: |221 kwh/m² año|||emisiones: |45 kg co2/m² año|||ver etiqueta de calificación energética|ocultar etiqueta|||||||,08025,Anuncio actualizado hace 11 días,Anuncio actualizado el 21 de octubre,2022-11-01
82250870,Alquiler de Ático en calle de Provença,"La Sagrada Família, Barcelona","Calle de Provença||Barrio La Sagrada Família||Distrito Eixample||Barcelona||Área de Barcelona, Barcelona",Distrito Eixample,Calle de Provença,Barrio La Sagrada Família,Barrio La Sagrada Família,Distrito Eixample,"Área de Barcelona, Barcelona",2195,2195,120,3,2,0,1,segunda mano/buen estado,,0,1,1,7,1,1,1,0,||aire acondicionado||||no indicado|||,08025,Anuncio actualizado hace 6 días,Anuncio actualizado el 26 de octubre,2022-11-01
99018954,Alquiler de Piso en calle de Padilla,"La Sagrada Família, Barcelona","Calle de Padilla||Barrio La Sagrada Família||Distrito Eixample||Barcelona||Área de Barcelona, Barcelona",Distrito Eixample,Calle de Padilla,Barrio La Sagrada Família,Barrio La Sagrada Família,Distrito Eixample,"Área de Barcelona, Barcelona",1700,2000,80,3,1,0,0,segunda mano/buen estado,,0,1,1,5,1,1,1,1,||aire acondicionado||||consumo: ||||emisiones: ||||ver etiqueta de calificación energética|ocultar etiqueta|||||||,08025,Anuncio actualizado hace 15 días,Anuncio actualizado el 17 de octubre,2022-11-01
98992586,Alquiler de Piso en calle de Joaquim Ruyra,"El Camp d'En Grassot i Gràcia Nova, Barcelona","Calle de Joaquim Ruyra||Urb. Gràcia Nova||Barrio El Camp d'En Grassot i Gràcia Nova||Distrito Gràcia||Barcelona||Área de Barcelona, Barcelona",Distrito Gràcia,Calle de Joaquim Ruyra,Urb. Gràcia Nova,Barrio El Camp d'En Grassot i Gràcia Nova,Barrio El Camp d'En Grassot i Gràcia Nova,Barcelona,1400,1500,165,3,2,0,0,segunda mano/buen estado,2022,0,1,0,0,1,0,1,1,||aire acondicionado||||consumo: |92 kwh/m² año|||emisiones: |15 kg co2/m² año|||ver etiqueta de calificación energética|ocultar etiqueta|||||||,08025,Anuncio actualizado hace 11 días,Anuncio actualizado el 20 de octubre,2022-11-01
99024856,Alquiler de Piso en calle de Taxdirt,"El Baix Guinardó, Barcelona","Calle de Taxdirt||Barrio El Baix Guinardó||Distrito Horta Guinardó||Barcelona||Área de Barcelona, Barcelona",Distrito Horta Guinardó,Calle de Taxdirt,Barrio El Baix Guinardó,Barrio El Baix Guinardó,Distrito Horta Guinardó,"Área de Barcelona, Barcelona",1550,1650,41,2,1,0,0,segunda mano/buen estado,,0,1,1,3,0,1,0,1,||consumo: |130 kwh/m² año|||emisiones: |30 kg co2/m² año|||ver etiqueta de calificación energética|ocultar etiqueta|||||||,08025,Anuncio actualizado hace 9 días,Anuncio actualizado el 23 de octubre,2022-11-01
98919552,"Alquiler de Piso en calle de Pau Claris, 99","La Dreta de l'Eixample, Barcelona","Calle de Pau Claris, 99||Barrio La Dreta de l'Eixample||Distrito Eixample||Barcelona||Área de Barcelona, Barcelona",Distrito Eixample,"Calle de Pau Claris, 99",Barrio La Dreta de l'Eixample,Barrio La Dreta de l'Eixample,Distrito Eixample,"Área de Barcelona, Barcelona",2500,2500,71,2,1,0,0,segunda mano/buen estado,,1,1,1,5,1,1,0,1,||aire acondicionado|||piscina||||consumo: ||||emisiones: ||||ver etiqueta de calificación energética|ocultar etiqueta|||||||,08025,Anuncio actualizado hace más de 2 meses,Anuncio actualizado el 30 de septiembre,2022-11-01
99359617,Alquiler de Piso en calle del Rosselló,"El Camp d'En Grassot i Gràcia Nova, Barcelona","Calle del Rosselló||Barrio El Camp d'En Grassot i Gràcia Nova||Distrito Gràcia||Barcelona||Área de Barcelona, Barcelona",Distrito Gràcia,Calle del Rosselló,Barrio El Camp d'En Grassot i Gràcia Nova,Barrio El Camp d'En Grassot i Gràcia Nova,Distrito Gràcia,"Área de Barcelona, Barcelona",1460,1460,71,2,1,0,0,segunda mano/buen estado,,1,0,0,3,0,1,1,0,||aire acondicionado||||no indicado|||,08025,Anuncio actualizado hace 19 horas,Anuncio actualizado el 31 de octubre,2022-11-01
99345416,Alquiler de Piso en calle del Rosselló,"El Camp d'En Grassot i Gràcia Nova, Barcelona","Calle del Rosselló||Barrio El Camp d'En Grassot i Gràcia Nova||Distrito Gràcia||Barcelona||Área de Barcelona, Barcelona",Distrito Gràcia,Calle del Rosselló,Barrio El Camp d'En Grassot i Gràcia Nova,Barrio El Camp d'En Grassot i Gràcia Nova,Distrito Gràcia,"Área de Barcelona, Barcelona",1200,1200,65,2,1,0,1,segunda mano/buen estado,,1,1,0,2,1,0,1,1,||aire acondicionado||||consumo: ||||emisiones: ||||ver etiqueta de calificación energética|ocultar etiqueta|||||||,08025,Anuncio actualizado hace 4 días,Anuncio actualizado el 28 de octubre,2022-11-01
99306661,Alquiler de Piso en calle d'Entença,"La Nova Esquerra de l'Eixample, Barcelona","Calle d'Entença||Barrio La Nova Esquerra de l'Eixample||Distrito Eixample||Barcelona||Área de Barcelona, Barcelona",Distrito Eixample,Calle d'Entença,Barrio La Nova Esquerra de l'Eixample,Barrio La Nova Esquerra de l'Eixample,Distrito Eixample,"Área de Barcelona, Barcelona",1450,1450,75,3,2,0,1,segunda mano/buen estado,,1,1,1,3,1,1,1,1,||aire acondicionado||||consumo: ||||emisiones: ||||ver etiqueta de calificación energética|ocultar etiqueta|||||||,08025,Anuncio actualizado hace 6 días,Anuncio actualizado el 25 de octubre,2022-11-01
99261158,Alquiler de Piso en calle de Pelai,"La Dreta de l'Eixample, Barcelona","Calle de Pelai||Barrio La Dreta de l'Eixample||Distrito Eixample||Barcelona||Área de Barcelona, Barcelona",Distrito Eixample,Calle de Pelai,Barrio La Dreta de l'Eixample,Barrio La Dreta de l'Eixample,Distrito Eixample,"Área de Barcelona, Barcelona",3350,3350,106,3,3,0,1,segunda mano/buen estado,,1,1,1,1,0,1,1,1,||aire acondicionado||||consumo: ||||emisiones: ||||ver etiqueta de calificación energética|ocultar etiqueta|||||||,08025,Anuncio actualizado hace 11 días,Anuncio actualizado el 21 de octubre,2022-11-01
99228358,Alquiler de Piso en calle de Balmes,"La Dreta de l'Eixample, Barcelona","Calle de Balmes||Barrio La Dreta de l'Eixample||Distrito Eixample||Barcelona||Área de Barcelona, Barcelona",Distrito Eixample,Calle de Balmes,Barrio La Dreta de l'Eixample,Barrio La Dreta de l'Eixample,Distrito Eixample,"Área de Barcelona, Barcelona",1700,1700,95,2,1,0,1,segunda mano/buen estado,,1,1,1,1,1,1,1,1,||aire acondicionado||||consumo: ||||emisiones: ||||ver etiqueta de calificación energética|ocultar etiqueta|||||||,08025,Anuncio actualizado hace 8 días,Anuncio actualizado el 24 de octubre,2022-11-01
99146883,Alquiler de Piso en calle de Valencia,"L'Antiga Esquerra de l'Eixample, Barcelona","Calle de Valencia||Barrio L'Antiga Esquerra de l'Eixample||Distrito Eixample||Barcelona||Área de Barcelona, Barcelona",Distrito Eixample,Calle de Valencia,Barrio L'Antiga Esquerra de l'Eixample,Barrio L'Antiga Esquerra de l'Eixample,Distrito Eixample,"Área de Barcelona, Barcelona",2500,2500,160,3,2,0,0,segunda mano/buen estado,,1,1,1,5,1,1,1,1,||aire acondicionado||||consumo: ||||emisiones: ||||ver etiqueta de calificación energética|ocultar etiqueta|||||||,08025,Anuncio actualizado hace 19 días,Anuncio actualizado el 13 de octubre,2022-11-01
98935571,Alquiler de Piso en calle de Joaquim Ruyra,"El Camp d'En Grassot i Gràcia Nova, Barcelona","Calle de Joaquim Ruyra||Barrio El Camp d'En Grassot i Gràcia Nova||Distrito Gràcia||Barcelona||Área de Barcelona, Barcelona",Distrito Gràcia,Calle de Joaquim Ruyra,Barrio El Camp d'En Grassot i Gràcia Nova,Barrio El Camp d'En Grassot i Gràcia Nova,Distrito Gràcia,"Área de Barcelona, Barcelona",1400,1500,95,3,2,0,0,segunda mano/buen estado,,0,0,0,0,1,0,1,1,||aire acondicionado||||consumo: ||||ver etiqueta de calificación energética|ocultar etiqueta|||||||,08025,Anuncio actualizado hace 11 días,Anuncio actualizado el 21 de octubre,2022-11-01
88186757,Alquiler de Ático en calle de Provença,"La Sagrada Família, Barcelona","Calle de Provença||Barrio La Sagrada Família||Distrito Eixample||Barcelona||Área de Barcelona, Barcelona",Distrito Eixample,Calle de Provença,Barrio La Sagrada Família,Barrio La Sagrada Família,Distrito Eixample,"Área de Barcelona, Barcelona",2000,2000,110,3,2,1,0,segunda mano/buen estado,,1,1,1,5,1,1,1,1,||aire acondicionado||||consumo: ||||ver etiqueta de calificación energética|ocultar etiqueta|||||||,08025,Anuncio actualizado hace más de 7 meses,Anuncio actualizado el 28 de abril,2022-11-01
89839361,Alquiler de Ático en calle Industria,"La Sagrada Família, Barcelona","Calle Industria||Barrio La Sagrada Família||Distrito Eixample||Barcelona||Área de Barcelona, Barcelona",Distrito Eixample,Calle Industria,Barrio La Sagrada Família,Barrio La Sagrada Família,Distrito Eixample,"Área de Barcelona, Barcelona",1750,1750,81,2,1,1,1,segunda mano/buen estado,1975,1,1,1,7,1,1,0,1,||en trámite|||,08025,Anuncio actualizado hace más de 5 meses,Anuncio actualizado el 15 de junio,2022-11-01
87859834,Alquiler de Ático en calle de Muntaner,"Sant Gervasi - Galvany, Barcelona","Calle de Muntaner||Barrio Sant Gervasi - Galvany||Distrito Sarrià-Sant Gervasi||Barcelona||Área de Barcelona, Barcelona",Distrito Sarrià-Sant Gervasi,Calle de Muntaner,Barrio Sant Gervasi - Galvany,Barrio Sant Gervasi - Galvany,Distrito Sarrià-Sant Gervasi,"Área de Barcelona, Barcelona",1300,1300,70,1,1,1,0,segunda mano/buen estado,,1,1,1,8,1,1,1,1,||aire acondicionado||||consumo: ||||emisiones: ||||ver etiqueta de calificación energética|ocultar etiqueta|||||||,08025,Anuncio actualizado hace 4 días,Anuncio actualizado el 28 de octubre,2022-11-01
81834053,Alquiler de Piso en calle del Rosselló,"La Dreta de l'Eixample, Barcelona","Calle del Rosselló||Barrio La Dreta de l'Eixample||Distrito Eixample||Barcelona||Área de Barcelona, Barcelona",Distrito Eixample,Calle del Rosselló,Barrio La Dreta de l'Eixample,Barrio La Dreta de l'Eixample,Distrito Eixample,"Área de Barcelona, Barcelona",1695,1695,62,2,1,0,1,segunda mano/buen estado,,0,1,1,0,1,1,0,0,||consumo: ||||ver etiqueta de calificación energética|ocultar etiqueta|||||||,08025,Anuncio actualizado hace 7 días,Anuncio actualizado el 24 de octubre,2022-11-01
97075486,Alquiler de Piso en calle d'Aragó,"La Dreta de l'Eixample, Barcelona","Calle d'Aragó||Barrio La Dreta de l'Eixample||Distrito Eixample||Barcelona||Área de Barcelona, Barcelona",Distrito Eixample,Calle d'Aragó,Barrio La Dreta de l'Eixample,Barrio La Dreta de l'Eixample,Distrito Eixample,"Área de Barcelona, Barcelona",1400,1400,75,3,1,0,1,segunda mano/buen estado,,1,1,1,5,1,0,1,1,||aire acondicionado||||consumo: ||||emisiones: ||||ver etiqueta de calificación energética|ocultar etiqueta|||||||,08025,Anuncio actualizado hace 4 días,Anuncio actualizado el 28 de octubre,2022-11-01
98726356,"Alquiler de Piso en paseo de la Mare de Déu del Coll, 52","El Coll, Barcelona","Paseo de la Mare de Déu del Coll, 52||Barrio El Coll||Distrito Gràcia||Barcelona||Área de Barcelona, Barcelona",Distrito Gràcia,"Paseo de la Mare de Déu del Coll, 52",Barrio El Coll,Barrio El Coll,Distrito Gràcia,"Área de Barcelona, Barcelona",1150,1150,81,2,1,1,0,segunda mano/buen estado,,1,0,0,5,1,1,0,1,||consumo: ||||emisiones: ||||ver etiqueta de calificación energética|ocultar etiqueta|||||||,08025,Anuncio actualizado hace 25 días,Anuncio actualizado el 7 de octubre,2022-11-01
98402876,Alquiler de Piso en calle Valencia,"La Dreta de l'Eixample, Barcelona","Calle Valencia||Barrio La Dreta de l'Eixample||Distrito Eixample||Barcelona||Área de Barcelona, Barcelona",Distrito Eixample,Calle Valencia,Barrio La Dreta de l'Eixample,Barrio La Dreta de l'Eixample,Distrito Eixample,"Área de Barcelona, Barcelona",2500,2500,100,3,2,0,1,segunda mano/buen estado,,1,1,0,4,1,1,0,1,||aire acondicionado|||piscina|||zonas verdes||||consumo: ||||emisiones: ||||ver etiqueta de calificación energética|ocultar etiqueta|||||||,08025,Anuncio actualizado hace más de 2 meses,Anuncio actualizado el 30 de septiembre,2022-11-01
91254470,"Alquiler de Piso en calle de Ballester, 23","El Putxet i el Farró, Barcelona","Calle de Ballester, 23||Barrio El Putxet i el Farró||Distrito Sarrià-Sant Gervasi||Barcelona||Área de Barcelona, Barcelona",Distrito Sarrià-Sant Gervasi,"Calle de Ballester, 23",Barrio El Putxet i el Farró,Barrio El Putxet i el Farró,Distrito Sarrià-Sant Gervasi,"Área de Barcelona, Barcelona",1175,1175,54,1,1,0,0,segunda mano/buen estado,,1,1,1,1,1,1,0,1,||consumo: ||||emisiones: ||||ver etiqueta de calificación energética|ocultar etiqueta|||||||,08025,Anuncio actualizado hace 7 días,Anuncio actualizado el 24 de octubre,2022-11-01
96698500,Alquiler de Piso en calle Rocafort,"La Nova Esquerra de l'Eixample, Barcelona","Calle Rocafort||Barrio La Nova Esquerra de l'Eixample||Distrito Eixample||Barcelona||Área de Barcelona, Barcelona",Distrito Eixample,Calle Rocafort,Barrio La Nova Esquerra de l'Eixample,Barrio La Nova Esquerra de l'Eixample,Distrito Eixample,"Área de Barcelona, Barcelona",2200,2200,104,3,2,1,1,segunda mano/buen estado,,0,1,1,4,1,1,1,1,||aire acondicionado||||consumo: ||||emisiones: ||||ver etiqueta de calificación energética|ocultar etiqueta|||||||,08025,Anuncio actualizado hace más de 2 meses,Anuncio actualizado el 28 de septiembre,2022-11-01
99209730,Alquiler de Piso en calle de Melcior de Palau,"Sants, Barcelona","Calle de Melcior de Palau||Barrio Sants||Distrito Sants-Montjuïc||Barcelona||Área de Barcelona, Barcelona",Distrito Sants-Montjuïc,Calle de Melcior de Palau,Barrio Sants,Barrio Sants,Distrito Sants-Montjuïc,"Área de Barcelona, Barcelona",1200,1200,80,3,1,0,1,segunda mano/buen estado,,0,0,0,2,0,1,0,1,||consumo: ||||emisiones: ||||ver etiqueta de calificación energética|ocultar etiqueta|||||||,08025,Anuncio actualizado hace un día,Anuncio actualizado el 31 de octubre,2022-11-01
90313845,Alquiler de Ático en calle de Muntaner,"Sant Gervasi - Galvany, Barcelona","Calle de Muntaner||Barrio Sant Gervasi - Galvany||Distrito Sarrià-Sant Gervasi||Barcelona||Área de Barcelona, Barcelona",Distrito Sarrià-Sant Gervasi,Calle de Muntaner,Barrio Sant Gervasi - Galvany,Barrio Sant Gervasi - Galvany,Distrito Sarrià-Sant Gervasi,"Área de Barcelona, Barcelona",1400,1400,65,1,1,1,0,segunda mano/buen estado,,1,1,1,8,1,1,1,1,||aire acondicionado||||consumo: ||||emisiones: ||||ver etiqueta de calificación energética|ocultar etiqueta|||||||,08025,Anuncio actualizado hace 15 días,Anuncio actualizado el 17 de octubre,2022-11-01
99045269,"Alquiler de Piso en calle de Nàpols, 297","El Camp d'En Grassot i Gràcia Nova, Barcelona","Calle de Nàpols, 297||Barrio El Camp d'En Grassot i Gràcia Nova||Distrito Gràcia||Barcelona||Área de Barcelona, Barcelona",Distrito Gràcia,"Calle de Nàpols, 297",Barrio El Camp d'En Grassot i Gràcia Nova,Barrio El Camp d'En Grassot i Gràcia Nova,Distrito Gràcia,"Área de Barcelona, Barcelona",1200,1300,98,3,2,0,1,segunda mano/buen estado,1970,0,0,0,1,0,1,0,1,||consumo: |169 kwh/m² año|||emisiones: |35 kg co2/m² año|||ver etiqueta de calificación energética|ocultar etiqueta|||||||,08025,Anuncio actualizado hace 7 días,Anuncio actualizado el 25 de octubre,2022-11-01
98967982,Alquiler de Piso en calle de Sardenya,"El Camp d'En Grassot i Gràcia Nova, Barcelona","Calle de Sardenya||Urb. C/ Sardenya||Barrio El Camp d'En Grassot i Gràcia Nova||Distrito Gràcia||Barcelona||Área de Barcelona, Barcelona",Distrito Gràcia,Calle de Sardenya,Urb. C/ Sardenya,Barrio El Camp d'En Grassot i Gràcia Nova,Barrio El Camp d'En Grassot i Gràcia Nova,Barcelona,1200,1200,68,2,1,1,0,segunda mano/buen estado,,1,0,0,1,0,1,0,1,||consumo: ||||emisiones: ||||ver etiqueta de calificación energética|ocultar etiqueta|||||||,08025,Anuncio actualizado hace 13 horas,Anuncio actualizado el 1 de noviembre,2022-11-01
98892797,Alquiler de Piso en calle del Mas Casanovas,"El Baix Guinardó, Barcelona","Calle del Mas Casanovas||Urb. C/ Mas Casanovas||Barrio El Baix Guinardó||Distrito Horta Guinardó||Barcelona||Área de Barcelona, Barcelona",Distrito Horta Guinardó,Calle del Mas Casanovas,Urb. C/ Mas Casanovas,Barrio El Baix Guinardó,Barrio El Baix Guinardó,Barcelona,1000,1000,54,2,1,0,0,segunda mano/buen estado,,0,0,0,0,0,1,1,1,||aire acondicionado||||consumo: ||||emisiones: ||||ver etiqueta de calificación energética|ocultar etiqueta|||||||,08025,Anuncio actualizado hace 4 horas,Anuncio actualizado el 1 de noviembre,2022-11-01
96734946,Alquiler de Piso en avenida de Gaudí,"La Sagrada Família, Barcelona","Avenida de Gaudí||Barrio La Sagrada Família||Distrito Eixample||Barcelona||Área de Barcelona, Barcelona",Distrito Eixample,Avenida de Gaudí,Barrio La Sagrada Família,Barrio La Sagrada Família,Distrito Eixample,"Área de Barcelona, Barcelona",1290,1290,40,1,1,0,0,segunda mano/buen estado,,0,1,1,6,1,1,1,1,||aire acondicionado||||consumo: |130 kwh/m² año|||emisiones: |30 kg co2/m² año|||ver etiqueta de calificación energética|ocultar etiqueta|||||||,08025,Anuncio actualizado hace 19 días,Anuncio actualizado el 13 de octubre,2022-11-01
98921322,Alquiler de Piso en calle de Nàpols,"El Camp d'En Grassot i Gràcia Nova, Barcelona","Calle de Nàpols||Barrio El Camp d'En Grassot i Gràcia Nova||Distrito Gràcia||Barcelona||Área de Barcelona, Barcelona",Distrito Gràcia,Calle de Nàpols,Barrio El Camp d'En Grassot i Gràcia Nova,Barrio El Camp d'En Grassot i Gràcia Nova,Distrito Gràcia,"Área de Barcelona, Barcelona",1200,1300,98,3,2,1,0,segunda mano/buen estado,1970,1,1,0,1,0,1,0,1,||consumo: ||||emisiones: ||||ver etiqueta de calificación energética|ocultar etiqueta|||||||,08025,Anuncio actualizado hace 5 días,Anuncio actualizado el 27 de octubre,2022-11-01
96399192,Alquiler de Piso en calle de Cartagena,"La Sagrada Família, Barcelona","Calle de Cartagena||Barrio La Sagrada Família||Distrito Eixample||Barcelona||Área de Barcelona, Barcelona",Distrito Eixample,Calle de Cartagena,Barrio La Sagrada Família,Barrio La Sagrada Família,Distrito Eixample,"Área de Barcelona, Barcelona",2100,2500,98,2,2,1,0,segunda mano/buen estado,1988,1,1,1,0,1,1,0,0,||aire acondicionado|||zonas verdes||||en trámite|||,08025,Anuncio actualizado hace 10 días,Anuncio actualizado el 21 de octubre,2022-11-01
95483613,Alquiler de Piso en Maria Claret,"El Camp d'En Grassot i Gràcia Nova, Barcelona","Maria Claret||Barrio El Camp d'En Grassot i Gràcia Nova||Distrito Gràcia||Barcelona||Área de Barcelona, Barcelona",Distrito Gràcia,Maria Claret,Barrio El Camp d'En Grassot i Gràcia Nova,Barrio El Camp d'En Grassot i Gràcia Nova,Distrito Gràcia,"Área de Barcelona, Barcelona",1800,2000,61,3,1,0,0,segunda mano/buen estado,,0,1,1,0,1,0,1,0,||aire acondicionado||||consumo: ||||emisiones: ||||ver etiqueta de calificación energética|ocultar etiqueta|||||||,08025,Anuncio actualizado hace 14 días,Anuncio actualizado el 17 de octubre,2022-11-01
99367875,Alquiler de Piso en El Camp d'En Grassot i Gràcia Nova,"Gràcia, Barcelona","||Barrio El Camp d'En Grassot i Gràcia Nova||Distrito Gràcia||Barcelona||Área de Barcelona, Barcelona",Distrito Gràcia,,Barrio El Camp d'En Grassot i Gràcia Nova,Barrio El Camp d'En Grassot i Gràcia Nova,Distrito Gràcia,"Área de Barcelona, Barcelona",1250,1250,90,4,2,0,0,,,1,1,1,2,1,1,0,0,||consumo: ||||emisiones: ||||ver etiqueta de calificación energética|ocultar etiqueta|||||||,08025,Anuncio actualizado hace 2 días,Anuncio actualizado el 29 de octubre,2022-11-01
99062522,"Alquiler de Piso en calle de Lepant, 398","El Baix Guinardó, Barcelona","Calle de Lepant, 398||Barrio El Baix Guinardó||Distrito Horta Guinardó||Barcelona||Área de Barcelona, Barcelona",Distrito Horta Guinardó,"Calle de Lepant, 398",Barrio El Baix Guinardó,Barrio El Baix Guinardó,Distrito Horta Guinardó,"Área de Barcelona, Barcelona",850,850,47,1,1,0,0,segunda mano/buen estado,1978,1,0,0,4,0,1,0,1,||en trámite|||,08025,Anuncio actualizado hace 6 días,Anuncio actualizado el 26 de octubre,2022-11-01
99240850,Alquiler de Ático en La Sagrada Família,"Eixample, Barcelona","||Barrio La Sagrada Família||Distrito Eixample||Barcelona||Área de Barcelona, Barcelona",Distrito Eixample,,Barrio La Sagrada Família,Barrio La Sagrada Família,Distrito Eixample,"Área de Barcelona, Barcelona",1800,1800,80,2,1,0,0,segunda mano/buen estado,,0,0,0,9,0,1,0,1,||consumo: |256 kwh/m² año|||ver etiqueta de calificación energética|ocultar etiqueta|||||||,08025,Anuncio actualizado hace 12 días,Anuncio actualizado el 20 de octubre,2022-11-01
99096386,Alquiler de Piso en calle de Padilla,"El Baix Guinardó, Barcelona","Calle de Padilla||Barrio El Baix Guinardó||Distrito Horta Guinardó||Barcelona||Área de Barcelona, Barcelona",Distrito Horta Guinardó,Calle de Padilla,Barrio El Baix Guinardó,Barrio El Baix Guinardó,Distrito Horta Guinardó,"Área de Barcelona, Barcelona",1000,1100,85,3,1,0,0,segunda mano/buen estado,,0,0,0,2,0,1,1,1,||aire acondicionado||||consumo: |148 kwh/m² año|||emisiones: |30 kg co2/m² año|||ver etiqueta de calificación energética|ocultar etiqueta|||||||,08025,Anuncio actualizado hace 4 días,Anuncio actualizado el 27 de octubre,2022-11-01
94944965,Alquiler de Piso en calle del Rosselló,"La Sagrada Família, Barcelona","Calle del Rosselló||Barrio La Sagrada Família||Distrito Eixample||Barcelona||Área de Barcelona, Barcelona",Distrito Eixample,Calle del Rosselló,Barrio La Sagrada Família,Barrio La Sagrada Família,Distrito Eixample,"Área de Barcelona, Barcelona",1450,1450,52,1,1,0,0,segunda mano/buen estado,,0,1,1,0,0,1,1,0,||aire acondicionado||||consumo: ||||ver etiqueta de calificación energética|ocultar etiqueta|||||||,08025,Anuncio actualizado hace 12 días,Anuncio actualizado el 20 de octubre,2022-11-01
90644096,"Alquiler de Piso en calle de Llorens i Barba, 39","El Baix Guinardó, Barcelona","Calle de Llorens i Barba, 39||Barrio El Baix Guinardó||Distrito Horta Guinardó||Barcelona||Área de Barcelona, Barcelona",Distrito Horta Guinardó,"Calle de Llorens i Barba, 39",Barrio El Baix Guinardó,Barrio El Baix Guinardó,Distrito Horta Guinardó,"Área de Barcelona, Barcelona",2700,2700,100,3,2,0,0,segunda mano/buen estado,,1,1,1,1,0,0,0,1,||en trámite|||,08025,Anuncio actualizado hace más de 11 meses,Anuncio actualizado el 21 de diciembre,2022-11-01
90647724,"Alquiler de Ático en calle de Llorens i Barba, 39","El Baix Guinardó, Barcelona","Calle de Llorens i Barba, 39||Barrio El Baix Guinardó||Distrito Horta Guinardó||Barcelona||Área de Barcelona, Barcelona",Distrito Horta Guinardó,"Calle de Llorens i Barba, 39",Barrio El Baix Guinardó,Barrio El Baix Guinardó,Distrito Horta Guinardó,"Área de Barcelona, Barcelona",2150,2150,53,2,1,0,0,segunda mano/buen estado,,1,1,1,2,0,0,0,1,||en trámite|||,08025,Anuncio actualizado hace más de 11 meses,Anuncio actualizado el 22 de diciembre,2022-11-01
90647720,"Alquiler de Piso en calle de Llorens i Barba, 39","El Baix Guinardó, Barcelona","Calle de Llorens i Barba, 39||Barrio El Baix Guinardó||Distrito Horta Guinardó||Barcelona||Área de Barcelona, Barcelona",Distrito Horta Guinardó,"Calle de Llorens i Barba, 39",Barrio El Baix Guinardó,Barrio El Baix Guinardó,Distrito Horta Guinardó,"Área de Barcelona, Barcelona",2850,2850,99,3,2,0,0,segunda mano/buen estado,,1,1,1,2,0,0,0,1,||en trámite|||,08025,Anuncio actualizado hace más de 11 meses,Anuncio actualizado el 22 de diciembre,2022-11-01
99004707,Alquiler de Piso en calle dels Cortada,"La Teixonera, Barcelona","Calle dels Cortada||Barrio La Teixonera||Distrito Horta Guinardó||Barcelona||Área de Barcelona, Barcelona",Distrito Horta Guinardó,Calle dels Cortada,Barrio La Teixonera,Barrio La Teixonera,Distrito Horta Guinardó,"Área de Barcelona, Barcelona",1100,1100,68,1,1,0,1,segunda mano/buen estado,,1,1,1,3,1,1,1,1,||aire acondicionado||||consumo: ||||emisiones: ||||ver etiqueta de calificación energética|ocultar etiqueta|||||||,08025,Anuncio actualizado hace 10 días,Anuncio actualizado el 21 de octubre,2022-11-01
38996907,Alquiler de Piso en calle de Can Bruixa,"Les Corts, Barcelona","Calle de Can Bruixa||Barrio Les Corts||Distrito Les Corts||Barcelona||Área de Barcelona, Barcelona",Distrito Les Corts,Calle de Can Bruixa,Barrio Les Corts,Barrio Les Corts,Distrito Les Corts,"Área de Barcelona, Barcelona",1100,1100,60,2,1,0,0,segunda mano/buen estado,,0,0,0,1,0,1,1,1,||aire acondicionado||||consumo: ||||emisiones: ||||ver etiqueta de calificación energética|ocultar etiqueta|||||||,08025,Anuncio actualizado hace 15 días,Anuncio actualizado el 17 de octubre,2022-11-01
97207978,Alquiler de Piso en calle d'Amigó,"Sant Gervasi - Galvany, Barcelona","Calle d'Amigó||Barrio Sant Gervasi - Galvany||Distrito Sarrià-Sant Gervasi||Barcelona||Área de Barcelona, Barcelona",Distrito Sarrià-Sant Gervasi,Calle d'Amigó,Barrio Sant Gervasi - Galvany,Barrio Sant Gervasi - Galvany,Distrito Sarrià-Sant Gervasi,"Área de Barcelona, Barcelona",1250,1250,60,2,1,0,0,segunda mano/buen estado,,1,0,0,1,1,1,0,1,||consumo: ||||emisiones: ||||ver etiqueta de calificación energética|ocultar etiqueta|||||||,08025,Anuncio actualizado hace 10 días,Anuncio actualizado el 22 de octubre,2022-11-01
98700160,Alquiler de Piso en calle dels Enamorats,"El Camp de l'Arpa del Clot, Barcelona","Calle dels Enamorats||Barrio El Camp de l'Arpa del Clot||Distrito Sant Martí||Barcelona||Área de Barcelona, Barcelona",Distrito Sant Martí,Calle dels Enamorats,Barrio El Camp de l'Arpa del Clot,Barrio El Camp de l'Arpa del Clot,Distrito Sant Martí,"Área de Barcelona, Barcelona",1130,1130,90,4,2,0,1,segunda mano/buen estado,,1,0,0,6,0,1,0,1,||consumo: ||||emisiones: ||||ver etiqueta de calificación energética|ocultar etiqueta|||||||,08025,Anuncio actualizado hace más de 2 meses,Anuncio actualizado el 30 de septiembre,2022-11-01
92372640,Alquiler de Ático en calle de Sant Dalmir,"La Teixonera, Barcelona","Calle de Sant Dalmir||Barrio La Teixonera||Distrito Horta Guinardó||Barcelona||Área de Barcelona, Barcelona",Distrito Horta Guinardó,Calle de Sant Dalmir,Barrio La Teixonera,Barrio La Teixonera,Distrito Horta Guinardó,"Área de Barcelona, Barcelona",2800,2800,130,5,3,1,0,segunda mano/buen estado,,0,1,1,4,1,0,1,1,||aire acondicionado||||consumo: ||||emisiones: ||||ver etiqueta de calificación energética|ocultar etiqueta|||||||,08025,Anuncio actualizado hace más de 3 meses,Anuncio actualizado el 31 de agosto,2022-11-01
96497601,Alquiler de Piso en travesía de Gràcia,"Vila de Gràcia, Barcelona","Travesía de Gràcia||Barrio Vila de Gràcia||Distrito Gràcia||Barcelona||Área de Barcelona, Barcelona",Distrito Gràcia,Travesía de Gràcia,Barrio Vila de Gràcia,Barrio Vila de Gràcia,Distrito Gràcia,"Área de Barcelona, Barcelona",2200,2200,98,2,1,0,1,segunda mano/buen estado,,1,1,1,2,1,0,1,1,||aire acondicionado||||consumo: ||||emisiones: ||||ver etiqueta de calificación energética|ocultar etiqueta|||||||,08025,Anuncio actualizado hace más de 2 meses,Anuncio actualizado el 28 de septiembre,2022-11-01
99283951,Alquiler de Piso en calle del Rosellón,"La Sagrada Família, Barcelona","Calle del Rosellón||Barrio La Sagrada Família||Distrito Eixample||Barcelona||Área de Barcelona, Barcelona",Distrito Eixample,Calle del Rosellón,Barrio La Sagrada Família,Barrio La Sagrada Família,Distrito Eixample,"Área de Barcelona, Barcelona",1700,1700,120,3,2,1,0,segunda mano/buen estado,1975,1,1,0,1,1,1,0,1,||aire acondicionado|||zonas verdes||||consumo: |186 kwh/m² año|||emisiones: |21 kg co2/m² año|||ver etiqueta de calificación energética|ocultar etiqueta|||||||,08025,Anuncio actualizado hace un día,Anuncio actualizado el 30 de octubre,2022-11-01
99276731,"Alquiler de Piso en C/Salvà Calle Corsega, 470","El Camp d'En Grassot i Gràcia Nova, Barcelona","C/Salvà Calle Corsega, 470||Barrio El Camp d'En Grassot i Gràcia Nova||Distrito Gràcia||Barcelona||Área de Barcelona, Barcelona",Distrito Gràcia,"C/Salvà Calle Corsega, 470",Barrio El Camp d'En Grassot i Gràcia Nova,Barrio El Camp d'En Grassot i Gràcia Nova,Distrito Gràcia,"Área de Barcelona, Barcelona",1600,1600,75,2,2,0,0,segunda mano/buen estado,,0,1,1,3,0,1,1,1,||aire acondicionado||||en trámite|||,08025,Anuncio actualizado hace 7 días,Anuncio actualizado el 25 de octubre,2022-11-01
99229158,Alquiler de Piso en calle Industria,"El Camp d'En Grassot i Gràcia Nova, Barcelona","Calle Industria||Barrio El Camp d'En Grassot i Gràcia Nova||Distrito Gràcia||Barcelona||Área de Barcelona, Barcelona",Distrito Gràcia,Calle Industria,Barrio El Camp d'En Grassot i Gràcia Nova,Barrio El Camp d'En Grassot i Gràcia Nova,Distrito Gràcia,"Área de Barcelona, Barcelona",1100,1100,50,1,1,0,1,segunda mano/buen estado,,1,1,1,3,0,1,0,1,||consumo: ||||emisiones: ||||ver etiqueta de calificación energética|ocultar etiqueta|||||||,08025,Anuncio actualizado hace 14 horas,Anuncio actualizado el 1 de noviembre,2022-11-01
99206837,Alquiler de Piso en calle de Provença,"La Dreta de l'Eixample, Barcelona","Calle de Provença||Barrio La Dreta de l'Eixample||Distrito Eixample||Barcelona||Área de Barcelona, Barcelona",Distrito Eixample,Calle de Provença,Barrio La Dreta de l'Eixample,Barrio La Dreta de l'Eixample,Distrito Eixample,"Área de Barcelona, Barcelona",1300,1300,80,4,1,0,0,segunda mano/buen estado,1930,0,0,0,5,0,1,0,0,||consumo: |171 kwh/m² año|||emisiones: |35 kg co2/m² año|||ver etiqueta de calificación energética|ocultar etiqueta|||||||,08025,Anuncio actualizado hace 15 días,Anuncio actualizado el 17 de octubre,2022-11-01
96822843,Alquiler de Piso en calle Industria,"El Camp de l'Arpa del Clot, Barcelona","Calle Industria||Barrio El Camp de l'Arpa del Clot||Distrito Sant Martí||Barcelona||Área de Barcelona, Barcelona",Distrito Sant Martí,Calle Industria,Barrio El Camp de l'Arpa del Clot,Barrio El Camp de l'Arpa del Clot,Distrito Sant Martí,"Área de Barcelona, Barcelona",2560,2560,69,2,1,0,1,segunda mano/buen estado,,0,1,1,2,0,1,0,1,||consumo: ||||emisiones: ||||ver etiqueta de calificación energética|ocultar etiqueta|||||||,08025,Anuncio actualizado hace un día,Anuncio actualizado el 31 de octubre,2022-11-01
99092567,"Alquiler de Piso en avenida Gaudí, 62","La Sagrada Família, Barcelona","Avenida Gaudí, 62||Barrio La Sagrada Família||Distrito Eixample||Barcelona||Área de Barcelona, Barcelona",Distrito Eixample,"Avenida Gaudí, 62",Barrio La Sagrada Família,Barrio La Sagrada Família,Distrito Eixample,"Área de Barcelona, Barcelona",1150,1150,69,2,1,0,0,segunda mano/buen estado,,0,0,0,5,0,1,0,1,||consumo: |203 kwh/m² año|||emisiones: |49 kg co2/m² año|||ver etiqueta de calificación energética|ocultar etiqueta|||||||,08025,Anuncio actualizado hace 12 días,Anuncio actualizado el 20 de octubre,2022-11-01
99092229,"Alquiler de Piso en sicilia, 382","El Camp d'En Grassot i Gràcia Nova, Barcelona","sicilia, 382||Barrio El Camp d'En Grassot i Gràcia Nova||Distrito Gràcia||Barcelona||Área de Barcelona, Barcelona",Distrito Gràcia,"sicilia, 382",Barrio El Camp d'En Grassot i Gràcia Nova,Barrio El Camp d'En Grassot i Gràcia Nova,Distrito Gràcia,"Área de Barcelona, Barcelona",990,990,99,3,2,0,0,segunda mano/buen estado,1945,0,1,0,2,0,1,0,0,||consumo: |395 kwh/m² año|||emisiones: |39 kg co2/m² año|||ver etiqueta de calificación energética|ocultar etiqueta|||||||,08025,Anuncio actualizado hace 12 días,Anuncio actualizado el 19 de octubre,2022-11-01
97240667,Alquiler de Piso en Pi i Margall,"El Camp d'En Grassot i Gràcia Nova, Barcelona","Pi i Margall||Barrio El Camp d'En Grassot i Gràcia Nova||Distrito Gràcia||Barcelona||Área de Barcelona, Barcelona",Distrito Gràcia,Pi i Margall,Barrio El Camp d'En Grassot i Gràcia Nova,Barrio El Camp d'En Grassot i Gràcia Nova,Distrito Gràcia,"Área de Barcelona, Barcelona",1700,1700,66,2,1,0,1,segunda mano/buen estado,,0,1,1,0,1,0,0,1,||consumo: |130 kwh/m² año|||emisiones: |30 kg co2/m² año|||ver etiqueta de calificación energética|ocultar etiqueta|||||||,08025,Anuncio actualizado hace un día,Anuncio actualizado el 31 de octubre,2022-11-01
96422066,Alquiler de Piso en industria,"La Sagrada Família, Barcelona","industria||Barrio La Sagrada Família||Distrito Eixample||Barcelona||Área de Barcelona, Barcelona",Distrito Eixample,industria,Barrio La Sagrada Família,Barrio La Sagrada Família,Distrito Eixample,"Área de Barcelona, Barcelona",1695,1695,67,3,2,0,1,segunda mano/buen estado,,0,1,1,6,1,1,1,0,||aire acondicionado||||consumo: |130 kwh/m² año|||emisiones: |30 kg co2/m² año|||ver etiqueta de calificación energética|ocultar etiqueta|||||||,08025,Anuncio actualizado hace un día,Anuncio actualizado el 31 de octubre,2022-11-01
91383213,Alquiler de Piso en calle de la Marina,"El Baix Guinardó, Barcelona","Calle de la Marina||Barrio El Baix Guinardó||Distrito Horta Guinardó||Barcelona||Área de Barcelona, Barcelona",Distrito Horta Guinardó,Calle de la Marina,Barrio El Baix Guinardó,Barrio El Baix Guinardó,Distrito Horta Guinardó,"Área de Barcelona, Barcelona",1650,1650,90,3,1,0,0,segunda mano/buen estado,,0,1,1,1,1,1,1,1,||aire acondicionado||||en trámite|||,08025,Anuncio actualizado hace un día,Anuncio actualizado el 31 de octubre,2022-11-01
96851053,Alquiler de Piso en calle de l'Encarnació,"El Baix Guinardó, Barcelona","Calle de l'Encarnació||Barrio El Baix Guinardó||Distrito Horta Guinardó||Barcelona||Área de Barcelona, Barcelona",Distrito Horta Guinardó,Calle de l'Encarnació,Barrio El Baix Guinardó,Barrio El Baix Guinardó,Distrito Horta Guinardó,"Área de Barcelona, Barcelona",1490,1490,74,2,2,1,0,segunda mano/buen estado,,0,1,1,2,1,1,1,1,||aire acondicionado||||consumo: |130 kwh/m² año|||emisiones: |30 kg co2/m² año|||ver etiqueta de calificación energética|ocultar etiqueta|||||||,08025,Anuncio actualizado hace un día,Anuncio actualizado el 31 de octubre,2022-11-01
89677199,"Alquiler de Piso en calle de Sardenya, 443","El Camp d'En Grassot i Gràcia Nova, Barcelona","Calle de Sardenya, 443||Barrio El Camp d'En Grassot i Gràcia Nova||Distrito Gràcia||Barcelona||Área de Barcelona, Barcelona",Distrito Gràcia,"Calle de Sardenya, 443",Barrio El Camp d'En Grassot i Gràcia Nova,Barrio El Camp d'En Grassot i Gràcia Nova,Distrito Gràcia,"Área de Barcelona, Barcelona",1100,1100,50,1,1,0,1,segunda mano/buen estado,,1,1,1,4,1,1,1,1,||aire acondicionado||||consumo: |113 kwh/m² año|||emisiones: |20 kg co2/m² año|||ver etiqueta de calificación energética|ocultar etiqueta|||||||,08025,Anuncio actualizado hace 2 días,Anuncio actualizado el 30 de octubre,2022-11-01
1655314,"Alquiler de Piso en calle Sardenya, 454","El Baix Guinardó, Barcelona","Calle Sardenya, 454||Barrio El Baix Guinardó||Distrito Horta Guinardó||Barcelona||Área de Barcelona, Barcelona",Distrito Horta Guinardó,"Calle Sardenya, 454",Barrio El Baix Guinardó,Barrio El Baix Guinardó,Distrito Horta Guinardó,"Área de Barcelona, Barcelona",1100,1100,50,1,1,1,1,segunda mano/buen estado,,1,1,1,3,1,1,1,1,||aire acondicionado||||consumo: |113 kwh/m² año|||emisiones: |20 kg co2/m² año|||ver etiqueta de calificación energética|ocultar etiqueta|||||||,08025,Anuncio actualizado hace 2 días,Anuncio actualizado el 30 de octubre,2022-11-01
98148931,Alquiler de Piso en calle del Rosselló,"La Sagrada Família, Barcelona","Calle del Rosselló||Barrio La Sagrada Família||Distrito Eixample||Barcelona||Área de Barcelona, Barcelona",Distrito Eixample,Calle del Rosselló,Barrio La Sagrada Família,Barrio La Sagrada Família,Distrito Eixample,"Área de Barcelona, Barcelona",1995,1995,108,3,2,0,0,segunda mano/buen estado,,0,1,1,4,0,1,1,0,||aire acondicionado||||no indicado|||,08025,Anuncio actualizado hace 16 días,Anuncio actualizado el 16 de octubre,2022-11-01
35101591,"Alquiler de Estudio en sardenya, 369","El Camp d'En Grassot i Gràcia Nova, Barcelona","sardenya, 369||Barrio El Camp d'En Grassot i Gràcia Nova||Distrito Gràcia||Barcelona||Área de Barcelona, Barcelona",Distrito Gràcia,"sardenya, 369",Barrio El Camp d'En Grassot i Gràcia Nova,Barrio El Camp d'En Grassot i Gràcia Nova,Distrito Gràcia,"Área de Barcelona, Barcelona",1100,1100,115,0,1,0,0,segunda mano/buen estado,,0,0,0,0,1,0,0,0,||consumo: |127 kwh/m² año|||emisiones: |21 kg co2/m² año|||ver etiqueta de calificación energética|ocultar etiqueta|||||||,08025,Anuncio actualizado hace 5 días,Anuncio actualizado el 27 de octubre,2022-11-01
99155541,Alquiler de Piso en calle de Villarroel,"L'Antiga Esquerra de l'Eixample, Barcelona","Calle de Villarroel||Barrio L'Antiga Esquerra de l'Eixample||Distrito Eixample||Barcelona||Área de Barcelona, Barcelona",Distrito Eixample,Calle de Villarroel,Barrio L'Antiga Esquerra de l'Eixample,Barrio L'Antiga Esquerra de l'Eixample,Distrito Eixample,"Área de Barcelona, Barcelona",1600,1600,83,3,2,0,1,segunda mano/buen estado,,0,0,0,5,1,1,1,1,||aire acondicionado||||consumo: ||||emisiones: ||||ver etiqueta de calificación energética|ocultar etiqueta|||||||,08025,Anuncio actualizado hace 4 días,Anuncio actualizado el 28 de octubre,2022-11-01
99342547,Alquiler de Piso en La Dreta de l'Eixample,"Eixample, Barcelona","||Barrio La Dreta de l'Eixample||Distrito Eixample||Barcelona||Área de Barcelona, Barcelona",Distrito Eixample,,Barrio La Dreta de l'Eixample,Barrio La Dreta de l'Eixample,Distrito Eixample,"Área de Barcelona, Barcelona",2500,2500,88,3,2,1,1,segunda mano/buen estado,1930,1,1,1,1,1,1,1,1,||aire acondicionado||||consumo: |172 kwh/m² año|||emisiones: |33 kg co2/m² año|||ver etiqueta de calificación energética|ocultar etiqueta|||||||,08025,Anuncio actualizado hace 26 minutos,Anuncio actualizado el 1 de noviembre,2022-11-01
98348157,Alquiler de Piso en calle de Taxdirt,"El Baix Guinardó, Barcelona","Calle de Taxdirt||Urb. El Camp d'en Grassot i Gràcia Nova||Barrio El Baix Guinardó||Distrito Horta Guinardó||Barcelona||Área de Barcelona, Barcelona",Distrito Horta Guinardó,Calle de Taxdirt,Urb. El Camp d'en Grassot i Gràcia Nova,Barrio El Baix Guinardó,Barrio El Baix Guinardó,Barcelona,1940,1940,40,1,1,0,0,segunda mano/buen estado,2020,0,1,1,4,0,1,0,1,||en trámite|||,08025,Anuncio actualizado hace una hora,Anuncio actualizado el 1 de noviembre,2022-11-01
99345827,Alquiler de Ático en avenida de Gaudí,"La Sagrada Família, Barcelona","Avenida de Gaudí||Barrio La Sagrada Família||Distrito Eixample||Barcelona||Área de Barcelona, Barcelona",Distrito Eixample,Avenida de Gaudí,Barrio La Sagrada Família,Barrio La Sagrada Família,Distrito Eixample,"Área de Barcelona, Barcelona",2500,2500,70,3,2,1,1,segunda mano/buen estado,1970,1,1,1,7,1,1,1,1,||aire acondicionado||||consumo: ||||emisiones: ||||ver etiqueta de calificación energética|ocultar etiqueta|||||||,08025,Anuncio actualizado hace 4 días,Anuncio actualizado el 27 de octubre,2022-11-01
95074676,Alquiler de Piso en industria,"La Sagrada Família, Barcelona","industria||Barrio La Sagrada Família||Distrito Eixample||Barcelona||Área de Barcelona, Barcelona",Distrito Eixample,industria,Barrio La Sagrada Família,Barrio La Sagrada Família,Distrito Eixample,"Área de Barcelona, Barcelona",2950,2950,95,3,1,0,0,segunda mano/buen estado,,0,1,1,3,1,1,0,1,||consumo: ||||emisiones: ||||ver etiqueta de calificación energética|ocultar etiqueta|||||||,08025,Anuncio actualizado hace 3 días,Anuncio actualizado el 28 de octubre,2022-11-01
32295204,"Alquiler de Piso en travesía de gràcia, 371","El Baix Guinardó, Barcelona","Travesía de gràcia, 371||Barrio El Baix Guinardó||Distrito Horta Guinardó||Barcelona||Área de Barcelona, Barcelona",Distrito Horta Guinardó,"Travesía de gràcia, 371",Barrio El Baix Guinardó,Barrio El Baix Guinardó,Distrito Horta Guinardó,"Área de Barcelona, Barcelona",975,975,74,2,1,0,0,segunda mano/buen estado,,0,0,0,2,0,1,0,1,||consumo: ||||emisiones: ||||ver etiqueta de calificación energética|ocultar etiqueta|||||||,08025,Anuncio actualizado hace 5 días,Anuncio actualizado el 26 de octubre,2022-11-01
99134063,Alquiler de Piso en calle de Sant Pau,"El Raval, Barcelona","Calle de Sant Pau||Barrio El Raval||Distrito Ciutat Vella||Barcelona||Área de Barcelona, Barcelona",Distrito Ciutat Vella,Calle de Sant Pau,Barrio El Raval,Barrio El Raval,Distrito Ciutat Vella,"Área de Barcelona, Barcelona",1950,1950,85,3,2,0,1,segunda mano/buen estado,,1,1,1,1,1,1,1,1,||aire acondicionado||||consumo: ||||emisiones: ||||ver etiqueta de calificación energética|ocultar etiqueta|||||||,08025,Anuncio actualizado hace 19 días,Anuncio actualizado el 13 de octubre,2022-11-01
89289908,Alquiler de Piso en calle de Sant Fructuós,"La Font de la Guatlla, Barcelona","Calle de Sant Fructuós||Barrio La Font de la Guatlla||Distrito Sants-Montjuïc||Barcelona||Área de Barcelona, Barcelona",Distrito Sants-Montjuïc,Calle de Sant Fructuós,Barrio La Font de la Guatlla,Barrio La Font de la Guatlla,Distrito Sants-Montjuïc,"Área de Barcelona, Barcelona",1280,1280,65,2,1,0,1,segunda mano/buen estado,,1,1,1,4,1,1,0,1,||consumo: |158 kwh/m² año|||emisiones: |33 kg co2/m² año|||ver etiqueta de calificación energética|ocultar etiqueta|||||||,08025,Anuncio actualizado hace 15 días,Anuncio actualizado el 17 de octubre,2022-11-01
98710263,Alquiler de Piso en calle del Rosselló,"El Camp d'En Grassot i Gràcia Nova, Barcelona","Calle del Rosselló||Barrio El Camp d'En Grassot i Gràcia Nova||Distrito Gràcia||Barcelona||Área de Barcelona, Barcelona",Distrito Gràcia,Calle del Rosselló,Barrio El Camp d'En Grassot i Gràcia Nova,Barrio El Camp d'En Grassot i Gràcia Nova,Distrito Gràcia,"Área de Barcelona, Barcelona",1460,1460,71,2,2,0,0,segunda mano/buen estado,,1,0,0,3,0,1,1,0,||aire acondicionado||||no indicado|||,08025,Anuncio actualizado hace 19 horas,Anuncio actualizado el 31 de octubre,2022-11-01
98683670,Alquiler de Piso en calle del Rosselló,"El Camp d'En Grassot i Gràcia Nova, Barcelona","Calle del Rosselló||Barrio El Camp d'En Grassot i Gràcia Nova||Distrito Gràcia||Barcelona||Área de Barcelona, Barcelona",Distrito Gràcia,Calle del Rosselló,Barrio El Camp d'En Grassot i Gràcia Nova,Barrio El Camp d'En Grassot i Gràcia Nova,Distrito Gràcia,"Área de Barcelona, Barcelona",1460,1460,71,2,1,0,0,segunda mano/buen estado,,1,0,0,3,0,1,1,0,||aire acondicionado||||no indicado|||,08025,Anuncio actualizado hace 19 horas,Anuncio actualizado el 31 de octubre,2022-11-01
99308827,"Alquiler de Ático en calle de Nàpols, 347","El Camp d'En Grassot i Gràcia Nova, Barcelona","Calle de Nàpols, 347||Barrio El Camp d'En Grassot i Gràcia Nova||Distrito Gràcia||Barcelona||Área de Barcelona, Barcelona",Distrito Gràcia,"Calle de Nàpols, 347",Barrio El Camp d'En Grassot i Gràcia Nova,Barrio El Camp d'En Grassot i Gràcia Nova,Distrito Gràcia,"Área de Barcelona, Barcelona",1090,1090,47,1,1,1,0,segunda mano/buen estado,1965,1,0,0,7,0,1,0,1,||consumo: |181 kwh/m² año|||emisiones: |33 kg co2/m² año|||ver etiqueta de calificación energética|ocultar etiqueta|||||||,08025,Anuncio actualizado hace 6 días,Anuncio actualizado el 26 de octubre,2022-11-01
29329118,Alquiler de Estudio en calle Lepant,"El Baix Guinardó, Barcelona","Calle Lepant||Barrio El Baix Guinardó||Distrito Horta Guinardó||Barcelona||Área de Barcelona, Barcelona",Distrito Horta Guinardó,Calle Lepant,Barrio El Baix Guinardó,Barrio El Baix Guinardó,Distrito Horta Guinardó,"Área de Barcelona, Barcelona",750,750,50,0,1,0,0,segunda mano/buen estado,1967,0,0,0,0,0,1,0,1,||consumo: |199 kwh/m² año|||emisiones: |51 kg co2/m² año|||ver etiqueta de calificación energética|ocultar etiqueta|||||||,08025,Anuncio actualizado hace 5 días,Anuncio actualizado el 27 de octubre,2022-11-01
99209981,Alquiler de Piso en calle de Sant Antoni Maria Claret,"El Camp d'En Grassot i Gràcia Nova, Barcelona","Calle de Sant Antoni Maria Claret||Barrio El Camp d'En Grassot i Gràcia Nova||Distrito Gràcia||Barcelona||Área de Barcelona, Barcelona",Distrito Gràcia,Calle de Sant Antoni Maria Claret,Barrio El Camp d'En Grassot i Gràcia Nova,Barrio El Camp d'En Grassot i Gràcia Nova,Distrito Gràcia,"Área de Barcelona, Barcelona",1000,1000,60,2,1,0,1,segunda mano/buen estado,1967,1,1,1,3,1,1,1,1,||aire acondicionado||||en trámite|||,08025,Anuncio actualizado hace 4 días,Anuncio actualizado el 28 de octubre,2022-11-01
99196476,Alquiler de Chalet adosado en calle de Sardenya,"El Camp d'En Grassot i Gràcia Nova, Barcelona","Calle de Sardenya||Barrio El Camp d'En Grassot i Gràcia Nova||Distrito Gràcia||Barcelona||Área de Barcelona, Barcelona",Distrito Gràcia,Calle de Sardenya,Barrio El Camp d'En Grassot i Gràcia Nova,Barrio El Camp d'En Grassot i Gràcia Nova,Distrito Gràcia,"Área de Barcelona, Barcelona",1300,1300,30,1,1,1,0,segunda mano/buen estado,1924,1,1,1,0,0,0,1,0,||aire acondicionado||||consumo: |162 kwh/m² año|||emisiones: |34 kg co2/m² año|||ver etiqueta de calificación energética|ocultar etiqueta|||||||,08025,Anuncio actualizado hace 13 días,Anuncio actualizado el 19 de octubre,2022-11-01
99149311,"Alquiler de Ático en calle de Padilla, 385","El Baix Guinardó, Barcelona","Calle de Padilla, 385||Barrio El Baix Guinardó||Distrito Horta Guinardó||Barcelona||Área de Barcelona, Barcelona",Distrito Horta Guinardó,"Calle de Padilla, 385",Barrio El Baix Guinardó,Barrio El Baix Guinardó,Distrito Horta Guinardó,"Área de Barcelona, Barcelona",900,900,60,2,1,1,1,segunda mano/buen estado,,0,1,0,7,0,1,0,1,||no indicado|||,08025,Anuncio actualizado hace 19 días,Anuncio actualizado el 12 de octubre,2022-11-01
95347052,Alquiler de Piso en calle de los Castillejos,"La Sagrada Família, Barcelona","Calle de los Castillejos||Barrio La Sagrada Família||Distrito Eixample||Barcelona||Área de Barcelona, Barcelona",Distrito Eixample,Calle de los Castillejos,Barrio La Sagrada Família,Barrio La Sagrada Família,Distrito Eixample,"Área de Barcelona, Barcelona",1495,1495,60,2,1,0,1,segunda mano/buen estado,,0,1,1,2,1,1,1,1,||aire acondicionado||||consumo: ||||ver etiqueta de calificación energética|ocultar etiqueta|||||||,08025,Anuncio actualizado hace 10 días,Anuncio actualizado el 22 de octubre,2022-11-01
82566835,Alquiler de Piso en calle de Padilla,"El Baix Guinardó, Barcelona","Calle de Padilla||Barrio El Baix Guinardó||Distrito Horta Guinardó||Barcelona||Área de Barcelona, Barcelona",Distrito Horta Guinardó,Calle de Padilla,Barrio El Baix Guinardó,Barrio El Baix Guinardó,Distrito Horta Guinardó,"Área de Barcelona, Barcelona",1750,1750,135,5,2,0,0,segunda mano/buen estado,,0,1,0,0,1,1,1,1,||aire acondicionado||||consumo: ||||ver etiqueta de calificación energética|ocultar etiqueta|||||||,08025,Anuncio actualizado hace 20 días,Anuncio actualizado el 11 de octubre,2022-11-01
99107542,Alquiler de Ático en calle del Rosselló,"La Sagrada Família, Barcelona","Calle del Rosselló||Barrio La Sagrada Família||Distrito Eixample||Barcelona||Área de Barcelona, Barcelona",Distrito Eixample,Calle del Rosselló,Barrio La Sagrada Família,Barrio La Sagrada Família,Distrito Eixample,"Área de Barcelona, Barcelona",1995,1995,70,2,1,0,0,segunda mano/buen estado,,0,1,1,8,1,1,0,1,||no indicado|||,08025,Anuncio actualizado hace 6 días,Anuncio actualizado el 26 de octubre,2022-11-01
95878699,Alquiler de Piso en calle de Sant Antoni Maria Claret,"El Camp d'En Grassot i Gràcia Nova, Barcelona","Calle de Sant Antoni Maria Claret||Barrio El Camp d'En Grassot i Gràcia Nova||Distrito Gràcia||Barcelona||Área de Barcelona, Barcelona",Distrito Gràcia,Calle de Sant Antoni Maria Claret,Barrio El Camp d'En Grassot i Gràcia Nova,Barrio El Camp d'En Grassot i Gràcia Nova,Distrito Gràcia,"Área de Barcelona, Barcelona",2742,2742,62,3,1,0,0,segunda mano/buen estado,,0,1,1,3,0,0,0,0,||no indicado|||,08025,Anuncio actualizado hace 12 días,Anuncio actualizado el 20 de octubre,2022-11-01
95878746,Alquiler de Piso en calle de Sant Antoni Maria Claret,"El Camp d'En Grassot i Gràcia Nova, Barcelona","Calle de Sant Antoni Maria Claret||Barrio El Camp d'En Grassot i Gràcia Nova||Distrito Gràcia||Barcelona||Área de Barcelona, Barcelona",Distrito Gràcia,Calle de Sant Antoni Maria Claret,Barrio El Camp d'En Grassot i Gràcia Nova,Barrio El Camp d'En Grassot i Gràcia Nova,Distrito Gràcia,"Área de Barcelona, Barcelona",2742,2742,62,3,1,0,0,segunda mano/buen estado,,0,1,1,2,0,0,0,0,||no indicado|||,08025,Anuncio actualizado hace 17 días,Anuncio actualizado el 14 de octubre,2022-11-01
96977804,Alquiler de Piso en calle de Provença,"La Sagrada Família, Barcelona","Calle de Provença||Urb. Eixample Dreta||Barrio La Sagrada Família||Distrito Eixample||Barcelona||Área de Barcelona, Barcelona",Distrito Eixample,Calle de Provença,Urb. Eixample Dreta,Barrio La Sagrada Família,Barrio La Sagrada Família,Barcelona,2000,2000,105,3,2,1,1,segunda mano/buen estado,1912,1,1,1,0,1,1,1,1,||aire acondicionado||||en trámite|||,08025,Anuncio actualizado hace más de 2 meses,Anuncio actualizado el 28 de septiembre,2022-11-01
95878741,Alquiler de Piso en calle de Sant Antoni Maria Claret,"El Camp d'En Grassot i Gràcia Nova, Barcelona","Calle de Sant Antoni Maria Claret||Barrio El Camp d'En Grassot i Gràcia Nova||Distrito Gràcia||Barcelona||Área de Barcelona, Barcelona",Distrito Gràcia,Calle de Sant Antoni Maria Claret,Barrio El Camp d'En Grassot i Gràcia Nova,Barrio El Camp d'En Grassot i Gràcia Nova,Distrito Gràcia,"Área de Barcelona, Barcelona",2622,2622,62,2,1,0,0,segunda mano/buen estado,,0,1,1,11,0,0,0,0,||no indicado|||,08025,Anuncio actualizado hace 12 días,Anuncio actualizado el 20 de octubre,2022-11-01
99358117,Alquiler de Piso en calle Industria,"El Camp d'En Grassot i Gràcia Nova, Barcelona","Calle Industria||Barrio El Camp d'En Grassot i Gràcia Nova||Distrito Gràcia||Barcelona||Área de Barcelona, Barcelona",Distrito Gràcia,Calle Industria,Barrio El Camp d'En Grassot i Gràcia Nova,Barrio El Camp d'En Grassot i Gràcia Nova,Distrito Gràcia,"Área de Barcelona, Barcelona",960,960,87,4,2,0,0,segunda mano/buen estado,1970,0,1,0,1,0,1,0,1,||en trámite|||,08025,Anuncio actualizado hace 4 días,Anuncio actualizado el 28 de octubre,2022-11-01
91948449,Alquiler de Piso en CASTILLEJOS,"La Sagrada Família, Barcelona","CASTILLEJOS||Barrio La Sagrada Família||Distrito Eixample||Barcelona||Área de Barcelona, Barcelona",Distrito Eixample,CASTILLEJOS,Barrio La Sagrada Família,Barrio La Sagrada Família,Distrito Eixample,"Área de Barcelona, Barcelona",1170,1170,82,3,1,0,1,segunda mano/buen estado,1968,0,1,0,4,1,1,1,1,||aire acondicionado||||consumo: |178 kwh/m² año|||emisiones: |32 kg co2/m² año|||ver etiqueta de calificación energética|ocultar etiqueta|||||||,08025,Anuncio actualizado hace más de 4 meses,Anuncio actualizado el 14 de julio,2022-11-01
32575126,Alquiler de Piso en ronda del guinardó,"El Baix Guinardó, Barcelona","Ronda del guinardó||Barrio El Baix Guinardó||Distrito Horta Guinardó||Barcelona||Área de Barcelona, Barcelona",Distrito Horta Guinardó,Ronda del guinardó,Barrio El Baix Guinardó,Barrio El Baix Guinardó,Distrito Horta Guinardó,"Área de Barcelona, Barcelona",1250,1250,120,3,2,1,0,segunda mano/buen estado,1979,1,1,1,3,1,1,1,1,||aire acondicionado||||en trámite|||,08025,Anuncio actualizado hace más de 5 meses,Anuncio actualizado el 7 de junio,2022-11-01
98725502,Alquiler de Piso en La Sagrada Família,"Eixample, Barcelona","||Barrio La Sagrada Família||Distrito Eixample||Barcelona||Área de Barcelona, Barcelona",Distrito Eixample,,Barrio La Sagrada Família,Barrio La Sagrada Família,Distrito Eixample,"Área de Barcelona, Barcelona",1600,1600,83,3,2,1,1,segunda mano/buen estado,1995,0,0,0,5,1,1,1,1,||aire acondicionado||||no indicado|||,08025,Anuncio actualizado hace 11 días,Anuncio actualizado el 20 de octubre,2022-11-01
99261422,Alquiler de Piso en calle de Padilla,"El Baix Guinardó, Barcelona","Calle de Padilla||Urb. Poblenou||Barrio El Baix Guinardó||Distrito Horta Guinardó||Barcelona||Área de Barcelona, Barcelona",Distrito Horta Guinardó,Calle de Padilla,Urb. Poblenou,Barrio El Baix Guinardó,Barrio El Baix Guinardó,Barcelona,1090,1090,75,3,1,0,0,segunda mano/buen estado,1970,1,1,1,0,0,1,0,1,||en trámite|||,08025,Anuncio actualizado hace 5 días,Anuncio actualizado el 27 de octubre,2022-11-01
99102092,Alquiler de Estudio en calle de Roger de Flor,"El Camp d'En Grassot i Gràcia Nova, Barcelona","Calle de Roger de Flor||Barrio El Camp d'En Grassot i Gràcia Nova||Distrito Gràcia||Barcelona||Área de Barcelona, Barcelona",Distrito Gràcia,Calle de Roger de Flor,Barrio El Camp d'En Grassot i Gràcia Nova,Barrio El Camp d'En Grassot i Gràcia Nova,Distrito Gràcia,"Área de Barcelona, Barcelona",1200,1200,45,0,1,0,0,segunda mano/buen estado,,0,1,1,1,0,1,1,0,||aire acondicionado||||en trámite|||,08025,Anuncio actualizado hace 3 días,Anuncio actualizado el 29 de octubre,2022-11-01
91041476,Alquiler de Piso en calle de la Font Honrada,"El Poble Sec - Parc de Montjuïc, Barcelona","Calle de la Font Honrada||Barrio El Poble Sec - Parc de Montjuïc||Distrito Sants-Montjuïc||Barcelona||Área de Barcelona, Barcelona",Distrito Sants-Montjuïc,Calle de la Font Honrada,Barrio El Poble Sec - Parc de Montjuïc,Barrio El Poble Sec - Parc de Montjuïc,Distrito Sants-Montjuïc,"Área de Barcelona, Barcelona",1500,1500,70,2,1,0,1,segunda mano/buen estado,,0,1,1,1,0,0,0,1,||consumo: ||||emisiones: ||||ver etiqueta de calificación energética|ocultar etiqueta|||||||,08025,Anuncio actualizado hace 29 días,Anuncio actualizado el 2 de octubre,2022-11-01
88667515,Alquiler de Piso en calle de Roger de Flor,"El Camp d'En Grassot i Gràcia Nova, Barcelona","Calle de Roger de Flor||Barrio El Camp d'En Grassot i Gràcia Nova||Distrito Gràcia||Barcelona||Área de Barcelona, Barcelona",Distrito Gràcia,Calle de Roger de Flor,Barrio El Camp d'En Grassot i Gràcia Nova,Barrio El Camp d'En Grassot i Gràcia Nova,Distrito Gràcia,"Área de Barcelona, Barcelona",1600,1600,96,3,2,0,1,segunda mano/buen estado,,0,1,1,3,1,1,0,1,||consumo: |130 kwh/m² año|||emisiones: |30 kg co2/m² año|||ver etiqueta de calificación energética|ocultar etiqueta|||||||,08025,Anuncio actualizado hace un día,Anuncio actualizado el 31 de octubre,2022-11-01
82056628,"Alquiler de Piso en calle de Nàpols, 349","El Camp d'En Grassot i Gràcia Nova, Barcelona","Calle de Nàpols, 349||Barrio El Camp d'En Grassot i Gràcia Nova||Distrito Gràcia||Barcelona||Área de Barcelona, Barcelona",Distrito Gràcia,"Calle de Nàpols, 349",Barrio El Camp d'En Grassot i Gràcia Nova,Barrio El Camp d'En Grassot i Gràcia Nova,Distrito Gràcia,"Área de Barcelona, Barcelona",1300,1300,75,2,1,0,1,segunda mano/buen estado,,1,1,1,2,0,1,1,0,||aire acondicionado||||consumo: ||||ver etiqueta de calificación energética|ocultar etiqueta|||||||,08025,Anuncio actualizado hace 13 días,Anuncio actualizado el 19 de octubre,2022-11-01
99081129,Alquiler de Piso en Corcega,"La Sagrada Família, Barcelona","Corcega||Barrio La Sagrada Família||Distrito Eixample||Barcelona||Área de Barcelona, Barcelona",Distrito Eixample,Corcega,Barrio La Sagrada Família,Barrio La Sagrada Família,Distrito Eixample,"Área de Barcelona, Barcelona",1450,1450,125,3,1,1,0,segunda mano/buen estado,,1,1,0,1,1,1,0,1,||consumo: ||||emisiones: ||||ver etiqueta de calificación energética|ocultar etiqueta|||||||,08025,Anuncio actualizado hace 18 días,Anuncio actualizado el 14 de octubre,2022-11-01
98636792,Alquiler de Piso en calle de Taxdirt,"El Camp d'En Grassot i Gràcia Nova, Barcelona","Calle de Taxdirt||Barrio El Camp d'En Grassot i Gràcia Nova||Distrito Gràcia||Barcelona||Área de Barcelona, Barcelona",Distrito Gràcia,Calle de Taxdirt,Barrio El Camp d'En Grassot i Gràcia Nova,Barrio El Camp d'En Grassot i Gràcia Nova,Distrito Gràcia,"Área de Barcelona, Barcelona",995,1100,65,2,1,0,0,segunda mano/buen estado,1970,0,0,0,3,0,1,0,1,||consumo: |120 kwh/m² año|||emisiones: |25 kg co2/m² año|||ver etiqueta de calificación energética|ocultar etiqueta|||||||,08025,Anuncio actualizado hace 28 días,Anuncio actualizado el 3 de octubre,2022-11-01
98279550,Alquiler de Piso en calle de Provença,"La Sagrada Família, Barcelona","Calle de Provença||Urb. La Sagrada Família||Barrio La Sagrada Família||Distrito Eixample||Barcelona||Área de Barcelona, Barcelona",Distrito Eixample,Calle de Provença,Urb. La Sagrada Família,Barrio La Sagrada Família,Barrio La Sagrada Família,Barcelona,800,800,40,1,1,0,0,segunda mano/buen estado,1929,0,0,0,1,0,1,0,0,||consumo: |138 kwh/m² año|||emisiones: |34 kg co2/m² año|||ver etiqueta de calificación energética|ocultar etiqueta|||||||,08025,Anuncio actualizado hace más de un mes,Anuncio actualizado el 1 de octubre,2022-11-01
98734558,Alquiler de Piso en El Baix Guinardó,"Horta Guinardó, Barcelona","||Barrio El Baix Guinardó||Distrito Horta Guinardó||Barcelona||Área de Barcelona, Barcelona",Distrito Horta Guinardó,,Barrio El Baix Guinardó,Barrio El Baix Guinardó,Distrito Horta Guinardó,"Área de Barcelona, Barcelona",1100,1100,75,3,1,0,0,segunda mano/buen estado,,0,0,0,0,1,0,1,0,||aire acondicionado||||consumo: |87 kwh/m² año|||emisiones: |20 kg co2/m² año|||ver etiqueta de calificación energética|ocultar etiqueta|||||||,08025,Anuncio actualizado hace 20 días,Anuncio actualizado el 11 de octubre,2022-11-01
98427308,"Alquiler de Piso en calle de Sardenya, 385 -387","El Camp d'En Grassot i Gràcia Nova, Barcelona","Calle de Sardenya, 385 -387||Urb. Barcelona||Barrio El Camp d'En Grassot i Gràcia Nova||Distrito Gràcia||Barcelona||Área de Barcelona, Barcelona",Distrito Gràcia,"Calle de Sardenya, 385 -387",Urb. Barcelona,Barrio El Camp d'En Grassot i Gràcia Nova,Barrio El Camp d'En Grassot i Gràcia Nova,Barcelona,2350,2350,73,4,1,0,0,segunda mano/buen estado,,0,1,1,2,1,1,1,1,||aire acondicionado||||en trámite|||,08025,Anuncio actualizado hace más de 2 meses,Anuncio actualizado el 16 de septiembre,2022-11-01
98803684,"Alquiler de Ático en calle de Sardenya, 369","El Camp d'En Grassot i Gràcia Nova, Barcelona","Calle de Sardenya, 369||Barrio El Camp d'En Grassot i Gràcia Nova||Distrito Gràcia||Barcelona||Área de Barcelona, Barcelona",Distrito Gràcia,"Calle de Sardenya, 369",Barrio El Camp d'En Grassot i Gràcia Nova,Barrio El Camp d'En Grassot i Gràcia Nova,Distrito Gràcia,"Área de Barcelona, Barcelona",1825,1825,118,3,2,0,0,segunda mano/buen estado,1953,1,0,0,7,1,1,0,1,||en trámite|||,08025,Anuncio actualizado hace más de 2 meses,Anuncio actualizado el 23 de septiembre,2022-11-01
89261752,Alquiler de Ático en avenida de Gaudí,"La Sagrada Família, Barcelona","Avenida de Gaudí||Barrio La Sagrada Família||Distrito Eixample||Barcelona||Área de Barcelona, Barcelona",Distrito Eixample,Avenida de Gaudí,Barrio La Sagrada Família,Barrio La Sagrada Família,Distrito Eixample,"Área de Barcelona, Barcelona",2500,2500,75,3,2,1,0,segunda mano/buen estado,,1,1,1,7,1,1,1,1,||aire acondicionado||||en trámite|||,08025,Anuncio actualizado hace 4 días,Anuncio actualizado el 27 de octubre,2022-11-01
99275909,Alquiler de Piso en La Sagrada Família,"Eixample, Barcelona","||Barrio La Sagrada Família||Distrito Eixample||Barcelona||Área de Barcelona, Barcelona",Distrito Eixample,,Barrio La Sagrada Família,Barrio La Sagrada Família,Distrito Eixample,"Área de Barcelona, Barcelona",1400,1400,90,3,2,0,0,segunda mano/buen estado,,0,1,1,0,0,1,0,1,||en trámite|||,08025,Anuncio actualizado hace 3 días,Anuncio actualizado el 29 de octubre,2022-11-01
99218370,Alquiler de Piso en calle del Rosellón,"La Sagrada Família, Barcelona","Calle del Rosellón||Barrio La Sagrada Família||Distrito Eixample||Barcelona||Área de Barcelona, Barcelona",Distrito Eixample,Calle del Rosellón,Barrio La Sagrada Família,Barrio La Sagrada Família,Distrito Eixample,"Área de Barcelona, Barcelona",1300,1300,65,4,2,0,1,segunda mano/buen estado,,0,1,0,3,0,0,0,1,||en trámite|||,08025,Anuncio actualizado hace 9 días,Anuncio actualizado el 23 de octubre,2022-11-01
87523439,Alquiler de Ático en avenida gaudi,"La Sagrada Família, Barcelona","Avenida gaudi||Barrio La Sagrada Família||Distrito Eixample||Barcelona||Área de Barcelona, Barcelona",Distrito Eixample,Avenida gaudi,Barrio La Sagrada Família,Barrio La Sagrada Família,Distrito Eixample,"Área de Barcelona, Barcelona",2500,2500,70,3,2,1,0,segunda mano/buen estado,,1,1,1,7,1,1,1,1,||aire acondicionado||||en trámite|||,08025,Anuncio actualizado hace 8 días,Anuncio actualizado el 24 de octubre,2022-11-01
98892889,"Alquiler de Piso en provenza, 383","La Sagrada Família, Barcelona","provenza, 383||Barrio La Sagrada Família||Distrito Eixample||Barcelona||Área de Barcelona, Barcelona",Distrito Eixample,"provenza, 383",Barrio La Sagrada Família,Barrio La Sagrada Família,Distrito Eixample,"Área de Barcelona, Barcelona",1600,1600,125,2,2,1,0,segunda mano/buen estado,,1,1,1,7,0,1,1,1,||aire acondicionado||||inmueble exento|||,08025,Anuncio actualizado hace más de 2 meses,Anuncio actualizado el 21 de septiembre,2022-11-01
99076696,Alquiler de Piso en calle de Còrsega,"La Sagrada Família, Barcelona","Calle de Còrsega||Barrio La Sagrada Família||Distrito Eixample||Barcelona||Área de Barcelona, Barcelona",Distrito Eixample,Calle de Còrsega,Barrio La Sagrada Família,Barrio La Sagrada Família,Distrito Eixample,"Área de Barcelona, Barcelona",1350,1350,50,2,1,1,0,segunda mano/buen estado,1900,0,1,0,4,1,0,1,1,||aire acondicionado||||consumo: ||||ver etiqueta de calificación energética|ocultar etiqueta|||||||,08025,Anuncio actualizado hace 27 días,Anuncio actualizado el 5 de octubre,2022-11-01
97692728,Alquiler de Piso en La Sagrada Família,"Eixample, Barcelona","||Barrio La Sagrada Família||Distrito Eixample||Barcelona||Área de Barcelona, Barcelona",Distrito Eixample,,Barrio La Sagrada Família,Barrio La Sagrada Família,Distrito Eixample,"Área de Barcelona, Barcelona",4900,4900,121,3,3,1,1,segunda mano/buen estado,,0,0,0,2,1,1,1,1,||aire acondicionado||||en trámite|||,08025,Anuncio actualizado hace 10 días,Anuncio actualizado el 22 de octubre,2022-11-01
88039745,Alquiler de Piso en calle Padilla,"El Baix Guinardó, Barcelona","Calle Padilla||Barrio El Baix Guinardó||Distrito Horta Guinardó||Barcelona||Área de Barcelona, Barcelona",Distrito Horta Guinardó,Calle Padilla,Barrio El Baix Guinardó,Barrio El Baix Guinardó,Distrito Horta Guinardó,"Área de Barcelona, Barcelona",1200,1200,65,3,1,0,0,segunda mano/buen estado,,0,0,0,2,0,1,0,0,||en trámite|||,08025,Anuncio actualizado hace más de 4 meses,Anuncio actualizado el 29 de julio,2022-11-01
92565704,Alquiler de Piso en calle de Ventalló,"El Camp d'En Grassot i Gràcia Nova, Barcelona","Calle de Ventalló||Barrio El Camp d'En Grassot i Gràcia Nova||Distrito Gràcia||Barcelona||Área de Barcelona, Barcelona",Distrito Gràcia,Calle de Ventalló,Barrio El Camp d'En Grassot i Gràcia Nova,Barrio El Camp d'En Grassot i Gràcia Nova,Distrito Gràcia,"Área de Barcelona, Barcelona",1681,1681,48,2,1,0,0,segunda mano/buen estado,,0,1,1,1,0,1,1,0,||aire acondicionado||||no indicado|||,08025,Anuncio actualizado hace 17 días,Anuncio actualizado el 14 de octubre,2022-11-01
88869779,Alquiler de Piso en calle de Ventalló,"El Camp d'En Grassot i Gràcia Nova, Barcelona","Calle de Ventalló||Barrio El Camp d'En Grassot i Gràcia Nova||Distrito Gràcia||Barcelona||Área de Barcelona, Barcelona",Distrito Gràcia,Calle de Ventalló,Barrio El Camp d'En Grassot i Gràcia Nova,Barrio El Camp d'En Grassot i Gràcia Nova,Distrito Gràcia,"Área de Barcelona, Barcelona",1927,1927,70,2,2,0,0,segunda mano/buen estado,,0,1,1,5,0,1,1,0,||aire acondicionado||||no indicado|||,08025,Anuncio actualizado hace un día,Anuncio actualizado el 31 de octubre,2022-11-01
85251047,Alquiler de Piso en calle de Ventalló,"El Camp d'En Grassot i Gràcia Nova, Barcelona","Calle de Ventalló||Barrio El Camp d'En Grassot i Gràcia Nova||Distrito Gràcia||Barcelona||Área de Barcelona, Barcelona",Distrito Gràcia,Calle de Ventalló,Barrio El Camp d'En Grassot i Gràcia Nova,Barrio El Camp d'En Grassot i Gràcia Nova,Distrito Gràcia,"Área de Barcelona, Barcelona",1804,1804,48,2,1,0,0,segunda mano/buen estado,,0,1,1,1,0,1,1,0,||aire acondicionado||||no indicado|||,08025,Anuncio actualizado hace un día,Anuncio actualizado el 31 de octubre,2022-11-01
85280421,Alquiler de Piso en calle de Sardenya,"La Sagrada Família, Barcelona","Calle de Sardenya||Barrio La Sagrada Família||Distrito Eixample||Barcelona||Área de Barcelona, Barcelona",Distrito Eixample,Calle de Sardenya,Barrio La Sagrada Família,Barrio La Sagrada Família,Distrito Eixample,"Área de Barcelona, Barcelona",2925,2925,85,2,2,0,0,segunda mano/buen estado,,0,1,1,1,0,1,1,0,||aire acondicionado||||no indicado|||,08025,Anuncio actualizado hace 10 horas,Anuncio actualizado el 1 de noviembre,2022-11-01
85310766,Alquiler de Piso en calle de Sardenya,"La Sagrada Família, Barcelona","Calle de Sardenya||Barrio La Sagrada Família||Distrito Eixample||Barcelona||Área de Barcelona, Barcelona",Distrito Eixample,Calle de Sardenya,Barrio La Sagrada Família,Barrio La Sagrada Família,Distrito Eixample,"Área de Barcelona, Barcelona",2650,2650,70,2,1,0,0,segunda mano/buen estado,,0,1,1,1,0,1,1,0,||aire acondicionado||||no indicado|||,08025,Anuncio actualizado hace 10 horas,Anuncio actualizado el 1 de noviembre,2022-11-01
85631419,Alquiler de Piso en calle de Sardenya,"La Sagrada Família, Barcelona","Calle de Sardenya||Barrio La Sagrada Família||Distrito Eixample||Barcelona||Área de Barcelona, Barcelona",Distrito Eixample,Calle de Sardenya,Barrio La Sagrada Família,Barrio La Sagrada Família,Distrito Eixample,"Área de Barcelona, Barcelona",2975,2975,70,3,2,0,0,segunda mano/buen estado,,0,1,1,2,0,1,1,0,||aire acondicionado||||no indicado|||,08025,Anuncio actualizado hace 10 horas,Anuncio actualizado el 1 de noviembre,2022-11-01
85275625,Alquiler de Piso en calle de Sardenya,"La Sagrada Família, Barcelona","Calle de Sardenya||Barrio La Sagrada Família||Distrito Eixample||Barcelona||Área de Barcelona, Barcelona",Distrito Eixample,Calle de Sardenya,Barrio La Sagrada Família,Barrio La Sagrada Família,Distrito Eixample,"Área de Barcelona, Barcelona",2150,2150,60,1,1,0,0,segunda mano/buen estado,,0,1,1,2,0,1,1,0,||aire acondicionado||||no indicado|||,08025,Anuncio actualizado hace 10 horas,Anuncio actualizado el 1 de noviembre,2022-11-01
97239532,Alquiler de Chalet adosado en Passatge de la Igualtat,"La Sagrada Família, Barcelona","Passatge de la Igualtat||Barrio La Sagrada Família||Distrito Eixample||Barcelona||Área de Barcelona, Barcelona",Distrito Eixample,Passatge de la Igualtat,Barrio La Sagrada Família,Barrio La Sagrada Família,Distrito Eixample,"Área de Barcelona, Barcelona",1900,1900,107,3,3,1,1,segunda mano/buen estado,,0,1,0,0,0,0,1,0,||aire acondicionado||||consumo: ||||emisiones: ||||ver etiqueta de calificación energética|ocultar etiqueta|||||||,08025,Anuncio actualizado hace más de 5 meses,Anuncio actualizado el 16 de junio,2022-11-01
96075262,Alquiler de Piso en Industria,"La Sagrada Família, Barcelona","Industria||Barrio La Sagrada Família||Distrito Eixample||Barcelona||Área de Barcelona, Barcelona",Distrito Eixample,Industria,Barrio La Sagrada Família,Barrio La Sagrada Família,Distrito Eixample,"Área de Barcelona, Barcelona",1400,1400,39,1,1,0,0,segunda mano/buen estado,1940,0,1,1,0,1,1,1,1,||aire acondicionado||||no indicado|||,08025,Anuncio actualizado hace más de 7 meses,Anuncio actualizado el 21 de abril,2022-11-01
92336494,Alquiler de Piso en Industria,"La Sagrada Família, Barcelona","Industria||Barrio La Sagrada Família||Distrito Eixample||Barcelona||Área de Barcelona, Barcelona",Distrito Eixample,Industria,Barrio La Sagrada Família,Barrio La Sagrada Família,Distrito Eixample,"Área de Barcelona, Barcelona",1400,1400,39,1,1,0,0,segunda mano/buen estado,1940,0,1,1,2,1,1,1,1,||aire acondicionado||||no indicado|||,08025,Anuncio actualizado hace más de 7 meses,Anuncio actualizado el 21 de abril,2022-11-01
84495134,"Alquiler de Ático en calle de Còrsega, 612","La Sagrada Família, Barcelona","Calle de Còrsega, 612||Barrio La Sagrada Família||Distrito Eixample||Barcelona||Área de Barcelona, Barcelona",Distrito Eixample,"Calle de Còrsega, 612",Barrio La Sagrada Família,Barrio La Sagrada Família,Distrito Eixample,"Área de Barcelona, Barcelona",1650,1650,93,3,1,1,0,segunda mano/buen estado,,1,1,0,7,0,1,1,1,||aire acondicionado||||consumo: ||||emisiones: ||||ver etiqueta de calificación energética|ocultar etiqueta|||||||,08025,Anuncio actualizado hace 13 días,Anuncio actualizado el 19 de octubre,2022-11-01
98633897,Alquiler de Piso en calle de la Marina,"La Sagrada Família, Barcelona","Calle de la Marina||Barrio La Sagrada Família||Distrito Eixample||Barcelona||Área de Barcelona, Barcelona",Distrito Eixample,Calle de la Marina,Barrio La Sagrada Família,Barrio La Sagrada Família,Distrito Eixample,"Área de Barcelona, Barcelona",2800,2800,65,2,1,0,0,segunda mano/buen estado,,0,1,1,1,0,1,1,0,||aire acondicionado||||no indicado|||,08025,Anuncio actualizado hace 7 horas,Anuncio actualizado el 1 de noviembre,2022-11-01
97988672,Alquiler de Piso en calle del Rosselló,"La Sagrada Família, Barcelona","Calle del Rosselló||Barrio La Sagrada Família||Distrito Eixample||Barcelona||Área de Barcelona, Barcelona",Distrito Eixample,Calle del Rosselló,Barrio La Sagrada Família,Barrio La Sagrada Família,Distrito Eixample,"Área de Barcelona, Barcelona",2700,2700,50,2,1,0,0,segunda mano/buen estado,,0,1,1,5,0,1,1,0,||aire acondicionado||||no indicado|||,08025,Anuncio actualizado hace 10 horas,Anuncio actualizado el 1 de noviembre,2022-11-01
98904668,Alquiler de Piso en La Sagrada Família,"Eixample, Barcelona","||Barrio La Sagrada Família||Distrito Eixample||Barcelona||Área de Barcelona, Barcelona",Distrito Eixample,,Barrio La Sagrada Família,Barrio La Sagrada Família,Distrito Eixample,"Área de Barcelona, Barcelona",1400,1400,74,2,1,0,1,segunda mano/buen estado,1928,1,1,1,1,1,1,0,1,||en trámite|||,08025,Anuncio actualizado hace un día,Anuncio actualizado el 31 de octubre,2022-11-01
98416968,"Alquiler de Piso en calle de los Castillejos, 288","La Sagrada Família, Barcelona","Calle de los Castillejos, 288||Barrio La Sagrada Família||Distrito Eixample||Barcelona||Área de Barcelona, Barcelona",Distrito Eixample,"Calle de los Castillejos, 288",Barrio La Sagrada Família,Barrio La Sagrada Família,Distrito Eixample,"Área de Barcelona, Barcelona",1525,1525,120,2,2,0,0,segunda mano/buen estado,,1,1,0,1,1,1,1,1,||aire acondicionado||||consumo: |58 kwh/m² año|||emisiones: |12 kg co2/m² año|||ver etiqueta de calificación energética|ocultar etiqueta|||||||,08025,Anuncio actualizado hace más de 2 meses,Anuncio actualizado el 14 de septiembre,2022-11-01
93152956,Alquiler de Piso en calle de Sant Antoni Maria Claret,"El Baix Guinardó, Barcelona","Calle de Sant Antoni Maria Claret||Barrio El Baix Guinardó||Distrito Horta Guinardó||Barcelona||Área de Barcelona, Barcelona",Distrito Horta Guinardó,Calle de Sant Antoni Maria Claret,Barrio El Baix Guinardó,Barrio El Baix Guinardó,Distrito Horta Guinardó,"Área de Barcelona, Barcelona",1400,1400,82,3,2,0,1,segunda mano/buen estado,2016,1,0,0,2,1,1,1,1,||aire acondicionado||||en trámite|||,08025,Anuncio actualizado hace 13 días,Anuncio actualizado el 18 de octubre,2022-11-01
99199696,Alquiler de Piso en La Sagrada Família,"Eixample, Barcelona","||Barrio La Sagrada Família||Distrito Eixample||Barcelona||Área de Barcelona, Barcelona",Distrito Eixample,,Barrio La Sagrada Família,Barrio La Sagrada Família,Distrito Eixample,"Área de Barcelona, Barcelona",1600,1600,89,3,2,1,0,segunda mano/buen estado,2009,1,1,1,4,1,1,1,1,||aire acondicionado||||no indicado|||,08025,Anuncio actualizado hace 15 días,Anuncio actualizado el 16 de octubre,2022-11-01
94002089,"Alquiler de Piso en travesía de Gràcia, 272","El Camp d'En Grassot i Gràcia Nova, Barcelona","Travesía de Gràcia, 272||Barrio El Camp d'En Grassot i Gràcia Nova||Distrito Gràcia||Barcelona||Área de Barcelona, Barcelona",Distrito Gràcia,"Travesía de Gràcia, 272",Barrio El Camp d'En Grassot i Gràcia Nova,Barrio El Camp d'En Grassot i Gràcia Nova,Distrito Gràcia,"Área de Barcelona, Barcelona",1900,1900,98,3,2,0,1,segunda mano/buen estado,,0,0,0,5,1,1,0,1,||consumo: ||||emisiones: ||||ver etiqueta de calificación energética|ocultar etiqueta|||||||,08025,Anuncio actualizado hace 8 días,Anuncio actualizado el 24 de octubre,2022-11-01
99353422,Alquiler de Piso en La Sagrada Família,"Eixample, Barcelona","||Barrio La Sagrada Família||Distrito Eixample||Barcelona||Área de Barcelona, Barcelona",Distrito Eixample,,Barrio La Sagrada Família,Barrio La Sagrada Família,Distrito Eixample,"Área de Barcelona, Barcelona",1490,1490,76,3,1,1,1,segunda mano/buen estado,,0,1,1,3,0,1,0,1,||consumo: ||||emisiones: ||||ver etiqueta de calificación energética|ocultar etiqueta|||||||,08025,Anuncio actualizado hace 4 días,Anuncio actualizado el 28 de octubre,2022-11-01
99112251,Alquiler de Piso en El Baix Guinardó,"Horta Guinardó, Barcelona","||Barrio El Baix Guinardó||Distrito Horta Guinardó||Barcelona||Área de Barcelona, Barcelona",Distrito Horta Guinardó,,Barrio El Baix Guinardó,Barrio El Baix Guinardó,Distrito Horta Guinardó,"Área de Barcelona, Barcelona",1195,1195,52,1,1,0,0,segunda mano/buen estado,,0,1,1,0,1,0,1,1,||aire acondicionado||||no indicado|||,08025,Anuncio actualizado hace 21 días,Anuncio actualizado el 11 de octubre,2022-11-01
